1/11/2024,1/11/2024,Payment Thank You-Mobile,,Payment,469.35
1/9/2024,1/11/2024,SUSHI JUNAI 2,Food & Drink,Sale,-92
1/10/2024,1/11/2024,H-E-B  #202,Groceries,Sale,-120.33
1/10/2024,1/10/2024,Payment Thank You-Mobile,,Payment,41.76
1/9/2024,1/10/2024,SQ *COMPANION TATTOO,Personal,Sale,-300
1/9/2024,1/10/2024,CHEVRON 0381691,Gas,Sale,-19.55
1/9/2024,1/10/2024,DD DOORDASH SUBWAY,Food & Drink,Sale,-15.87
1/10/2024,1/10/2024,DD *DOORDASH FIREHOUSE,Food & Drink,Sale,-21.27
1/9/2024,1/10/2024,CHEWY.COM,Shopping,Sale,-112.66
1/9/2024,1/9/2024,Payment Thank You-Mobile,,Payment,7.12
1/6/2024,1/9/2024,7-ELEVEN 36592,Gas,Sale,-28.94
1/7/2024,1/9/2024,JERSEY MIKES 15048,Food & Drink,Sale,-12.82
1/8/2024,1/8/2024,Payment Thank You-Mobile,,Payment,32.8
1/7/2024,1/8/2024,CHEVRON 0381691,Gas,Sale,-7.12
1/6/2024,1/7/2024,TXTAG 888 468 9824,Travel,Sale,-10
1/5/2024,1/7/2024,TXTAG 888 468 9824,Travel,Sale,-10
1/4/2024,1/5/2024,CHEVRON 0381691,Gas,Sale,-12.8
1/4/2024,1/4/2024,Payment Thank You-Mobile,,Payment,721.44
1/2/2024,1/3/2024,CHEVRON 0381691,Gas,Sale,-6.21
1/2/2024,1/3/2024,H-E-B  #202,Groceries,Sale,-162.78
1/1/2024,1/3/2024,7-ELEVEN 36565,Gas,Sale,-22.7
1/2/2024,1/3/2024,ISM  INC. DBA AIRUP,Food & Drink,Sale,-2.1
1/2/2024,1/3/2024,CHEVRON 0381691,Gas,Sale,-87.4
12/31/2023,1/2/2024,JERSEY MIKES 15048,Food & Drink,Sale,-11.1
12/31/2023,1/1/2024,DD DOORDASH TACOBELL,Food & Drink,Sale,-22.42
12/31/2023,1/1/2024,DD DOORDASH SUBWAY,Food & Drink,Sale,-22.53
12/31/2023,1/1/2024,H-E-B  #224,Groceries,Sale,-15.13
12/29/2023,12/31/2023,DD DOORDASH SUBWAY,Food & Drink,Sale,-15.96
12/28/2023,12/31/2023,RIVIERA EXXON,Gas,Sale,-15.57
12/29/2023,12/31/2023,H-E-B  #202,Groceries,Sale,-48.31
12/28/2023,12/29/2023,VETSOURCE,Personal,Sale,-25.78
12/28/2023,12/29/2023,LA FITNESS,Health & Wellness,Sale,-43.29
12/28/2023,12/28/2023,Payment Thank You-Mobile,,Payment,350
12/26/2023,12/28/2023,SHELL OIL 12508189003,Gas,Sale,-68.12
12/26/2023,12/28/2023,SHELL OIL 12508189003,Gas,Sale,-15.78
12/27/2023,12/28/2023,TXTAG 888 468 9824,Travel,Sale,-10
12/24/2023,12/25/2023,DD DOORDASH FIREHOUSE,Food & Drink,Sale,-23.98
12/24/2023,12/25/2023,TARGET        00017855,Shopping,Sale,-121.35
12/24/2023,12/25/2023,TXTAG 888 468 9824,Travel,Sale,-10
12/23/2023,12/25/2023,GINOS VINO ON THE GREE,Food & Drink,Sale,-18.8
12/22/2023,12/24/2023,GLF*GolfNowReservation,Entertainment,Sale,-2.99
12/22/2023,12/24/2023,DD DOORDASH TACOBELL,Food & Drink,Sale,-21.86
12/22/2023,12/24/2023,CHEVRON 0381691,Gas,Sale,-17.5
12/23/2023,12/24/2023,DD DOORDASH FIREHOUSE,Food & Drink,Sale,-46.83
12/23/2023,12/24/2023,DD *DOORDASH 7-ELEVEN,Food & Drink,Sale,-26.64
12/23/2023,12/24/2023,GLF*CRYSTALFALLSGC,Entertainment,Sale,-55
12/20/2023,12/22/2023,TST* RIVERSIDE GOLF COURS,Food & Drink,Sale,-7.06
12/21/2023,12/22/2023,AMZN Mktp US*NT6XD67X3,Shopping,Sale,-80
12/20/2023,12/22/2023,RIVERSIDE GOLF COURSE,Entertainment,Sale,-34.25
12/21/2023,12/21/2023,Payment Thank You-Mobile,,Payment,771.02
12/20/2023,12/21/2023,TXTAG 888 468 9824,Travel,Sale,-10
12/19/2023,12/20/2023,MCDONALD'S F33054,Food & Drink,Sale,-12.85
12/19/2023,12/20/2023,CHEVRON 0381691,Gas,Sale,-15.13
12/19/2023,12/20/2023,DD DOORDASH SUBWAY,Food & Drink,Sale,-15.96
12/17/2023,12/19/2023,7-ELEVEN 36592,Gas,Sale,-26.36
12/18/2023,12/19/2023,H-E-B  #202,Groceries,Sale,-84.49
12/18/2023,12/19/2023,DD DOORDASH MIGHTYFIN,Food & Drink,Sale,-25.12
12/17/2023,12/19/2023,FIREHOUSE SUBS 0431 ECOMM,Food & Drink,Sale,-17.85
12/17/2023,12/18/2023,TXTAG 888 468 9824,Travel,Sale,-10
12/16/2023,12/17/2023,CHEVRON 0200170,Gas,Sale,-15.77
12/15/2023,12/17/2023,SP PALM BEACH AUTOGRAP,Shopping,Sale,-238.15
12/15/2023,12/17/2023,BOUDRO'S RESTAURANT,Food & Drink,Sale,-141.25
12/16/2023,12/17/2023,CHEVRON 0200170,Gas,Sale,-85.1
12/14/2023,12/15/2023,GLF*ShadowglenGolf,Entertainment,Sale,-19.47
12/14/2023,12/15/2023,GLF*SHADOWGLENGOLF,Entertainment,Sale,-17
12/14/2023,12/15/2023,PLAYITAGAINSP #10105,Shopping,Sale,-8.49
12/12/2023,12/14/2023,SHELL OIL 57543321004,Gas,Sale,-23.87
12/13/2023,12/13/2023,Payment Thank You-Mobile,,Payment,328.19
12/12/2023,12/13/2023,PAR*HAT CREEK BURGER WEST,Food & Drink,Sale,-14.16
12/11/2023,12/12/2023,H-E-B  #202,Groceries,Sale,-92.38
12/10/2023,12/12/2023,DOMINO'S 6607,Food & Drink,Sale,-25.04
12/10/2023,12/12/2023,BLACKHAWK GOLF CLUB,Entertainment,Sale,-91.6
12/11/2023,12/11/2023,Payment Thank You-Mobile,,Payment,775.62
12/10/2023,12/11/2023,TST* LATCHKEY,Food & Drink,Sale,-28
12/10/2023,12/11/2023,TXTAG 888 468 9824,Travel,Sale,-10
12/10/2023,12/11/2023,TEXACO 0377023,Gas,Sale,-9.19
12/10/2023,12/11/2023,AMZN Mktp US*6O17H2GK3,Shopping,Sale,-71.98
12/8/2023,12/10/2023,FIREHOUSE SUBS 0431 ECOMM,Food & Drink,Sale,-18.28
12/8/2023,12/10/2023,TST* VALENCIAS TEX-MEX G,Food & Drink,Sale,-83.15
12/9/2023,12/10/2023,CHEVRON 0381691,Gas,Sale,-15.13
12/7/2023,12/10/2023,SHELL OIL 10013490007,Gas,Sale,-10.26
12/6/2023,12/8/2023,TST* MIGHTY FINE BURGERS,Food & Drink,Sale,-28.33
12/6/2023,12/7/2023,POSITIVEPRINTS,Shopping,Return,49
12/5/2023,12/6/2023,DD DOORDASH TACOBELL,Food & Drink,Sale,-5.69
12/6/2023,12/6/2023,REGAL CINEMAS INC,Entertainment,Sale,-40.46
12/5/2023,12/6/2023,CHEVRON 0381691,Gas,Sale,-15.13
12/5/2023,12/5/2023,Payment Thank You-Mobile,,Payment,220
12/4/2023,12/5/2023,H-E-B  #202,Groceries,Sale,-140.82
12/4/2023,12/5/2023,DD DOORDASH MIGHTYFIN,Food & Drink,Sale,-18.29
12/3/2023,12/5/2023,FIREHOUSE SUBS 0431 ECOMM,Food & Drink,Sale,-18.28
12/3/2023,12/4/2023,BAR PARTNERS GAMES,Entertainment,Sale,-8.1
12/3/2023,12/4/2023,ZUMIEZ#206  *USA,Shopping,Sale,-91.96
12/3/2023,12/4/2023,BAR PARTNERS GAMES,Entertainment,Sale,-8.1
12/3/2023,12/4/2023,AMZN Mktp US*9L7E36KC3,Shopping,Sale,-55.51
12/3/2023,12/4/2023,TST* BEEZ KNEEZ,Food & Drink,Sale,-18
12/3/2023,12/4/2023,TST* THE CAT'S PAJAMAS,Food & Drink,Sale,-17
12/3/2023,12/4/2023,DD DOORDASH THEORIGIN,Food & Drink,Sale,-44.4
12/2/2023,12/4/2023,SHELL OIL 57542085402,Gas,Sale,-34.6
12/3/2023,12/4/2023,PARLOR &amp; YARD,Food & Drink,Sale,-16.83
12/2/2023,12/3/2023,POSITIVEPRINTS,Shopping,Sale,-49
12/2/2023,12/3/2023,THE LUCKY DUCK,Food & Drink,Sale,-14
12/1/2023,12/3/2023,SHELL OIL 57544800204,Gas,Sale,-3.24
12/2/2023,12/3/2023,DD DOORDASH TORCHYSTA,Food & Drink,Sale,-28.03
12/2/2023,12/3/2023,TST* MEAN EYED CAT,Food & Drink,Sale,-10.66
12/2/2023,12/3/2023,POSITIVEPRINTS,Shopping,Sale,-49
11/30/2023,12/1/2023,CHEVRON 0381691,Gas,Sale,-17.29
11/30/2023,12/1/2023,VETSOURCE,Personal,Sale,-25.78
11/30/2023,12/1/2023,CHEVRON 0381691,Gas,Sale,-99.66
11/30/2023,11/30/2023,Payment Thank You-Mobile,,Payment,59.25
11/29/2023,11/30/2023,H-E-B  #202,Groceries,Sale,-36.29
11/29/2023,11/30/2023,7-ELEVEN 36592,Gas,Sale,-23.35
11/29/2023,11/29/2023,Payment Thank You-Mobile,,Payment,224.94
11/28/2023,11/29/2023,DD DOORDASH SUBWAY,Food & Drink,Sale,-15.96
11/28/2023,11/29/2023,LA FITNESS,Health & Wellness,Sale,-43.29
11/27/2023,11/28/2023,CHEVRON 0381691,Gas,Sale,-3.56
11/27/2023,11/28/2023,H-E-B  #202,Groceries,Sale,-173.24
11/27/2023,11/28/2023,DD DOORDASH MADAMMAMS,Food & Drink,Sale,-31.58
11/27/2023,11/27/2023,Payment Thank You-Mobile,,Payment,351.28
11/25/2023,11/27/2023,HOWARD LN AUSTIN,Gas,Sale,-16.56
11/25/2023,11/26/2023,SQ *THE DRIVING RANGE ROU,Entertainment,Sale,-18
11/25/2023,11/26/2023,DD DOORDASH WHATABURG,Food & Drink,Sale,-26.84
11/24/2023,11/26/2023,TOM THUMB #1972,Groceries,Sale,-14.02
11/25/2023,11/26/2023,DAIRY QUEEN #46078,Food & Drink,Sale,-26.59
11/25/2023,11/26/2023,H-E-B  #224,Groceries,Sale,-21.38
11/25/2023,11/26/2023,TIKTOK SHOP,Shopping,Sale,-132.83
11/22/2023,11/24/2023,JERSEY MIKES 15069,Food & Drink,Sale,-15.09
11/22/2023,11/24/2023,7-ELEVEN 36589,Gas,Sale,-2.79
11/23/2023,11/23/2023,Payment Thank You-Mobile,,Payment,147.87
11/22/2023,11/23/2023,DD DOORDASH POTBELLYS,Food & Drink,Sale,-22.83
11/22/2023,11/23/2023,EXXON 7-ELEVEN 36589,Gas,Sale,-52.91
11/22/2023,11/23/2023,COA PARKS &amp; REC,Travel,Sale,-18
11/21/2023,11/22/2023,DD DOORDASH SUBWAY,Food & Drink,Sale,-16
11/21/2023,11/22/2023,CHEWY.COM,Shopping,Sale,-75.21
11/21/2023,11/21/2023,Payment Thank You-Mobile,,Payment,224.7
11/20/2023,11/21/2023,CHEVRON 0381691,Gas,Sale,-29.82
11/20/2023,11/21/2023,DD DOORDASH WHATABURG,Food & Drink,Sale,-26.84
11/18/2023,11/20/2023,FIREHOUSE SUBS 0431 ECOMM,Food & Drink,Sale,-18.28
11/19/2023,11/20/2023,TXTAG 888 468 9824,Travel,Sale,-10
11/19/2023,11/19/2023,Payment Thank You-Mobile,,Payment,210.09
11/18/2023,11/19/2023,TXTAG 888 468 9824,Travel,Sale,-10
11/18/2023,11/19/2023,7-ELEVEN 35471,Gas,Sale,-16.22
11/17/2023,11/19/2023,GLF*CRYSTALFALLSGC,Entertainment,Sale,-90.19
11/18/2023,11/19/2023,7-ELEVEN 35471,Gas,Sale,-80.01
11/17/2023,11/17/2023,Payment Thank You-Mobile,,Payment,38.37
11/16/2023,11/17/2023,SQ *THE DRIVING RANGE ROU,Entertainment,Sale,-16
11/16/2023,11/17/2023,GLF*GolfNowReservation,Entertainment,Sale,-2.99
11/15/2023,11/17/2023,TST* CASA DO BRASIL - AUS,Food & Drink,Sale,-191.1
11/15/2023,11/15/2023,Payment Thank You-Mobile,,Payment,343.52
11/14/2023,11/15/2023,CHEVRON 0381691,Gas,Sale,-22.26
11/13/2023,11/15/2023,FIREHOUSE SUBS 0431 ECOMM,Food & Drink,Sale,-16.11
11/13/2023,11/14/2023,TXTAG 888 468 9824,Travel,Sale,-10
11/13/2023,11/14/2023,H-E-B  #202,Groceries,Sale,-86.92
11/13/2023,11/14/2023,P. TERRYS STAND #8,Food & Drink,Sale,-13.48
11/13/2023,11/14/2023,CHEVRON 0381691,Gas,Sale,-3.56
11/12/2023,11/14/2023,7-ELEVEN 32248,Gas,Sale,-8.83
11/13/2023,11/13/2023,Payment Thank You-Mobile,,Payment,53.07
11/12/2023,11/13/2023,DD DOORDASH CABOBOBSB,Food & Drink,Sale,-52
11/11/2023,11/13/2023,DONN`S DEPOT,Food & Drink,Sale,-27
11/12/2023,11/13/2023,DD DOORDASH KERBEYLAN,Food & Drink,Sale,-50.62
11/11/2023,11/13/2023,DREAM PLANET SMOKE AND VA,Shopping,Sale,-31.11
11/12/2023,11/13/2023,GLF*CRYSTALFALLSGC,Entertainment,Sale,-60
11/9/2023,11/12/2023,FIREHOUSE SUBS 0431 ECOMM,Food & Drink,Sale,-34.38
11/10/2023,11/12/2023,CHEVRON 0381691,Gas,Sale,-18.69
11/11/2023,11/12/2023,Payment Thank You-Mobile,,Payment,13.56
11/10/2023,11/10/2023,Payment Thank You-Mobile,,Payment,102.55
11/9/2023,11/10/2023,TXTAG 888 468 9824,Travel,Sale,-10
11/8/2023,11/10/2023,SHELL OIL 57542085402,Gas,Sale,-3.56
11/9/2023,11/9/2023,Payment Thank You-Mobile,,Payment,1027.34
11/8/2023,11/9/2023,H-E-B #029,Groceries,Sale,-16.54
11/8/2023,11/9/2023,GLF*GolfNowReservation,Entertainment,Sale,-11.01
11/7/2023,11/9/2023,CIRCLE K #2740966,Gas,Sale,-75
11/7/2023,11/8/2023,DD DOORDASH SUBWAY,Food & Drink,Sale,-15
11/6/2023,11/7/2023,H-E-B #495,Groceries,Sale,-155.33
11/6/2023,11/7/2023,DD DOORDASH WHATABURG,Food & Drink,Sale,-17.79
11/6/2023,11/7/2023,SQ *THE DRIVING RANGE ROU,Entertainment,Sale,-12.75
11/3/2023,11/5/2023,FGTTWOSTEPINN,Entertainment,Sale,-25
11/3/2023,11/5/2023,TikTok Shop,Shopping,Sale,-26.31
11/2/2023,11/3/2023,VETSOURCE,Personal,Sale,-25.78
10/31/2023,11/1/2023,SQ *THE DRIVING RANGE ROU,Entertainment,Sale,-16
10/31/2023,11/1/2023,DOMINO'S 6607,Food & Drink,Sale,-40.05
10/31/2023,11/1/2023,Dicks Sporting Goods,Shopping,Return,216.49
10/31/2023,11/1/2023,CHEVRON 0381691,Gas,Sale,-18.37
10/31/2023,11/1/2023,ISM  INC. DBA AIRUP,Food & Drink,Sale,-2.1
10/29/2023,10/31/2023,7-ELEVEN 35435,Gas,Sale,-3.49
10/30/2023,10/31/2023,IN N OUT BURGER 315,Food & Drink,Sale,-15.97
10/29/2023,10/30/2023,EXXON CHILL &amp; FILL,Gas,Sale,-5.61
10/29/2023,10/30/2023,TXTAG 888 468 9824,Travel,Sale,-10
10/29/2023,10/30/2023,LAZY DOG RESTAURANT 17,Food & Drink,Sale,-28.64
10/28/2023,10/30/2023,SHELL OIL 57545269409,Gas,Sale,-40.57
10/29/2023,10/30/2023,EXXON CHILL &amp; FILL,Gas,Sale,-75.07
10/28/2023,10/30/2023,IHOP 1468,Food & Drink,Sale,-17.76
10/26/2023,10/29/2023,BWW IRVING 103,Food & Drink,Sale,-40.62
10/27/2023,10/29/2023,TST* Hurtado Barbecue,Food & Drink,Sale,-38.33
10/28/2023,10/29/2023,LD STORY,Food & Drink,Sale,-28.1
10/28/2023,10/29/2023,LA FITNESS,Health & Wellness,Sale,-43.29
10/27/2023,10/29/2023,HOME PLATE AT TEXAS RANGE,Food & Drink,Sale,-25.16
10/27/2023,10/29/2023,HOME PLATE AT TEXAS RANGE,Food & Drink,Sale,-3.57
10/26/2023,10/29/2023,7-ELEVEN 38771,Gas,Sale,-13.18
10/26/2023,10/27/2023,H-E-B  #269,Groceries,Sale,-37.84
10/26/2023,10/27/2023,DICK'S CLOTHING&amp;SPORTING,Shopping,Sale,-310.62
10/25/2023,10/26/2023,TikTok Shop,Shopping,Sale,-25.45
10/25/2023,10/26/2023,CHEVRON 0381691,Gas,Sale,-26.26
10/25/2023,10/26/2023,Payment Thank You-Mobile,,Payment,357.57
10/25/2023,10/26/2023,DOMINO'S 6607,Food & Drink,Sale,-25.34
10/24/2023,10/25/2023,H-E-B  #202,Groceries,Sale,-49.3
10/25/2023,10/25/2023,DD DOORDASH STARBUCKS,Food & Drink,Sale,-25.18
10/23/2023,10/24/2023,DD DOORDASH WHATABURG,Food & Drink,Sale,-40.89
10/22/2023,10/23/2023,7-ELEVEN 36609,Gas,Sale,-19.76
10/22/2023,10/23/2023,THE LUCKY DUCK,Food & Drink,Sale,-12
10/22/2023,10/23/2023,TXTAG 888 468 9824,Travel,Sale,-10
10/22/2023,10/23/2023,TST* KERBEY LANE CAFE - N,Food & Drink,Sale,-42.98
10/21/2023,10/22/2023,EXXON 7-ELEVEN 36609,Gas,Sale,-71.31
10/20/2023,10/22/2023,PLAYITAGAINSP #10105,Shopping,Sale,-6.37
10/21/2023,10/22/2023,4UP*TERAVISTA GC,Entertainment,Sale,-3.19
10/21/2023,10/22/2023,4UP*TERAVISTA GC,Entertainment,Sale,-43.45
10/21/2023,10/22/2023,4UP*TERAVISTA GC,Entertainment,Sale,-9.07
10/20/2023,10/20/2023,Payment Thank You-Mobile,,Payment,88.67
10/19/2023,10/20/2023,DOMINO'S 6607,Food & Drink,Sale,-16.7
10/19/2023,10/20/2023,TXTAG 888 468 9824,Travel,Sale,-10
10/19/2023,10/20/2023,GLF*GolfNowReservation,Entertainment,Sale,-19.01
10/19/2023,10/20/2023,AMZN Mktp US*TD8AX0LG2,Shopping,Sale,-39.87
10/18/2023,10/20/2023,7-ELEVEN 36557,Gas,Sale,-12.97
10/19/2023,10/19/2023,Payment Thank You-Mobile,,Payment,191.44
10/18/2023,10/19/2023,SQ *THE DRIVING RANGE ROU,Entertainment,Sale,-3.5
10/18/2023,10/19/2023,AMZN Mktp US*TP0LY1BV1,Shopping,Sale,-69.17
10/18/2023,10/19/2023,SQ *THE DRIVING RANGE ROU,Entertainment,Sale,-16
10/18/2023,10/18/2023,Payment Thank You-Mobile,,Payment,189.97
10/17/2023,10/18/2023,DD DOORDASH SUBWAY,Food & Drink,Sale,-15.3
10/17/2023,10/18/2023,TARGET        00000950,Shopping,Sale,-68.78
10/17/2023,10/18/2023,CHEWY.COM,Shopping,Sale,-107.36
10/17/2023,10/17/2023,Payment Thank You-Mobile,,Payment,39.62
10/15/2023,10/17/2023,SHELL OIL 12508189003,Gas,Sale,-18.69
10/16/2023,10/17/2023,TXTAG 888 468 9824,Travel,Sale,-10
10/16/2023,10/17/2023,H-E-B  #202,Groceries,Sale,-135.09
10/16/2023,10/17/2023,DD DOORDASH VELVETTAC,Food & Drink,Sale,-26.19
10/16/2023,10/16/2023,Payment Thank You-Mobile,,Payment,229.69
10/15/2023,10/16/2023,GLF*CRYSTALFALLSGC,Entertainment,Sale,-59.62
10/15/2023,10/16/2023,STARS &amp; STRIPES DRIVE IN,Entertainment,Return,20
10/13/2023,10/15/2023,TST* Panchitos Olmos Park,Food & Drink,Sale,-68.28
10/12/2023,10/15/2023,AL CARBON POLLOS ASADOS #,Food & Drink,Sale,-7.85
10/11/2023,10/15/2023,HOTEL EMMA FOOD AND BE,Food & Drink,Sale,-41.64
10/14/2023,10/15/2023,STARS &amp; STRIPES DRIVE IN,Entertainment,Sale,-48.8
10/12/2023,10/13/2023,Payment Thank You-Mobile,,Payment,456.95
10/12/2023,10/13/2023,LITTLE DEATH,Food & Drink,Sale,-57.75
10/12/2023,10/13/2023,H-E-B  #224,Groceries,Sale,-5.37
10/10/2023,10/11/2023,UMIYA,Food & Drink,Sale,-78.15
10/10/2023,10/11/2023,H-E-B  #224,Groceries,Sale,-5.37
10/8/2023,10/10/2023,ZARA USA 3951,Shopping,Sale,-9.8
10/7/2023,10/9/2023,SHELL OIL 10000963008,Gas,Sale,-11.06
10/8/2023,10/9/2023,SHOPS AT LACANTERA TXANF,Shopping,Sale,-11.96
10/8/2023,10/9/2023,SQ *PJ'S COFFEE OF NEW OR,Food & Drink,Sale,-28.26
10/7/2023,10/8/2023,DD DOORDASH SUBWAY,Food & Drink,Sale,-16.31
10/6/2023,10/8/2023,WHATABURGER 796    Q26,Food & Drink,Sale,-14.27
10/6/2023,10/8/2023,DD DOORDASH POPEYESLO,Food & Drink,Sale,-24.02
10/8/2023,10/8/2023,DD DOORDASH KERBEYLAN,Food & Drink,Sale,-19.11
10/7/2023,10/8/2023,4UP*FALCONHEAD GC,Entertainment,Sale,-3.25
10/7/2023,10/8/2023,4UP*FALCONHEAD GC,Entertainment,Sale,-95.14
10/5/2023,10/6/2023,P. TERRYS STAND #7,Food & Drink,Sale,-15.97
10/4/2023,10/6/2023,CAFE Y BAKERY P20 ATO SJO,Shopping,Sale,-16.45
10/5/2023,10/6/2023,VETSOURCE,Personal,Sale,-25.78
10/4/2023,10/5/2023,CIRCLE K # 04675,Gas,Sale,-11.06
10/3/2023,10/5/2023,BRITT SHOP HOTEL HILTON C,Shopping,Sale,-70.99
10/2/2023,10/2/2023,Payment Thank You-Mobile,,Payment,247.31
10/1/2023,10/1/2023,ANNUAL MEMBERSHIP FEE,Fees & Adjustments,Fee,-95
9/30/2023,10/1/2023,STARBUCKS HACIENDA ALSACI,Entertainment,Sale,-56.43
9/30/2023,10/1/2023,FREDDO FRESAS,Food & Drink,Sale,-16.93
9/28/2023,9/29/2023,LA FITNESS,Health & Wellness,Sale,-43.29
9/28/2023,9/28/2023,Payment Thank You-Mobile,,Payment,413.24
9/26/2023,9/28/2023,AUSTIN AIRPORT-F&amp;B,Food & Drink,Sale,-14.02
9/26/2023,9/28/2023,HOU PGA STORE,Shopping,Sale,-21.64
9/26/2023,9/27/2023,TXTAG 888 468 9824,Travel,Sale,-10
9/26/2023,9/27/2023,LEVIS.COM,Shopping,Return,75.24
9/25/2023,9/26/2023,LEVI'S STORE 100,Shopping,Sale,-75.76
9/24/2023,9/26/2023,SHELL OIL 12508189003,Gas,Sale,-67.98
9/25/2023,9/26/2023,DD DOORDASH TORCHYSTA,Food & Drink,Sale,-24.78
9/25/2023,9/26/2023,7-ELEVEN 38279,Gas,Sale,-19.01
9/25/2023,9/25/2023,Payment Thank You-Mobile,,Payment,61.45
9/24/2023,9/25/2023,TXTAG 888 468 9824,Travel,Sale,-10
9/24/2023,9/25/2023,MANAGE INN CAHOOTS  LLC,Food & Drink,Sale,-30.78
9/24/2023,9/25/2023,MANAGE INN CAHOOTS  LLC,Food & Drink,Sale,-12.82
9/24/2023,9/25/2023,MANAGE INN CAHOOTS  LLC,Food & Drink,Sale,-6.41
9/24/2023,9/25/2023,TEXACO 0377023,Gas,Sale,-30.94
9/23/2023,9/24/2023,H-E-B  #202,Groceries,Sale,-41.3
9/22/2023,9/24/2023,COA PARKS &amp; REC,Travel,Sale,-28
9/22/2023,9/24/2023,CIRCLE K #2740080,Gas,Sale,-11.51
9/22/2023,9/24/2023,P. TERRYS STAND #7,Food & Drink,Sale,-10.55
9/22/2023,9/22/2023,Payment Thank You-Mobile,,Payment,48.87
9/21/2023,9/22/2023,TARGET        00000950,Shopping,Sale,-76.16
9/21/2023,9/22/2023,CHEVRON 0381691,Gas,Sale,-18.69
9/21/2023,9/22/2023,LEVIS.COM,Shopping,Sale,-75.24
9/20/2023,9/21/2023,CALVINKLEIN.COM,Shopping,Sale,-48.87
9/20/2023,9/21/2023,Payment Thank You-Mobile,,Payment,11.39
9/20/2023,9/20/2023,Payment Thank You-Mobile,,Payment,293.43
9/19/2023,9/20/2023,DD DOORDASH PARDONMYC,Food & Drink,Sale,-11.39
9/19/2023,9/19/2023,Payment Thank You-Mobile,,Payment,39.73
9/18/2023,9/19/2023,SP BOMBAS,Shopping,Sale,-42.79
9/17/2023,9/19/2023,SHELL OIL 12645906004,Gas,Sale,-2.7
9/18/2023,9/19/2023,Etsy.com - ArtHeatherArt,Shopping,Sale,-31.24
9/18/2023,9/19/2023,DD DOORDASH KERBEYLAN,Food & Drink,Sale,-30.61
9/18/2023,9/19/2023,H-E-B  #202,Groceries,Sale,-151.46
9/18/2023,9/19/2023,Etsy.com - MoeBeansBoutiq,Shopping,Sale,-34.63
9/18/2023,9/18/2023,Payment Thank You-Mobile,,Payment,1114.21
9/17/2023,9/18/2023,CHEVRON 0155648,Gas,Sale,-11.13
9/17/2023,9/18/2023,PLAYITAGAINSP #10105,Shopping,Sale,-16.12
9/18/2023,9/18/2023,DD DOORDASH WALGREENS,Food & Drink,Sale,-12.48
9/17/2023,9/17/2023,DD DOORDASH WHATABURG,Food & Drink,Sale,-18.37
9/16/2023,9/17/2023,1883 SDX AUS,Food & Drink,Sale,-8.72
9/16/2023,9/17/2023,SQ *MID SOUTH-V,Groceries,Sale,-28.94
9/14/2023,9/15/2023,TST* Plank Seafood - Aust,Food & Drink,Sale,-141.6
9/14/2023,9/15/2023,7-ELEVEN 36610,Gas,Sale,-12.97
9/13/2023,9/15/2023,FIREHOUSE SUBS 0431 ECOMM,Food & Drink,Sale,-28.55
9/13/2023,9/14/2023,H-E-B  #218,Groceries,Sale,-5.37
9/13/2023,9/13/2023,DD DOORDASH SUBWAY,Food & Drink,Sale,-14.57
9/12/2023,9/13/2023,DD DOORDASH SUBWAY,Food & Drink,Sale,-26.37
9/9/2023,9/12/2023,LITTLE WOODROWS - 6TH STR,Food & Drink,Sale,-25.05
9/10/2023,9/12/2023,WHATABURGER 347    Q26,Food & Drink,Sale,-20.65
9/8/2023,9/11/2023,SUSHI JUNAI 2,Food & Drink,Sale,-85
9/9/2023,9/10/2023,CHEVRON 0381691,Gas,Sale,-12.97
9/9/2023,9/10/2023,SODA SNACK VENDING,Food & Drink,Sale,-2.1
9/7/2023,9/10/2023,JERSEY MIKES 15003,Food & Drink,Sale,-12.38
9/10/2023,9/10/2023,SQ *STONY'S PIZZA TRAILER,Food & Drink,Sale,-19.92
9/8/2023,9/8/2023,Payment Thank You-Mobile,,Payment,378.63
9/7/2023,9/8/2023,CHEVRON 0381691,Gas,Sale,-87.5
9/7/2023,9/8/2023,TM *ZACH BRYAN,Entertainment,Sale,-427.64
9/7/2023,9/8/2023,DD DOORDASH SUBWAY,Food & Drink,Sale,-14.57
9/7/2023,9/8/2023,CHEWY.COM,Shopping,Sale,-63.86
9/8/2023,9/8/2023,AMZN Mktp US*TL2Y62S21,Shopping,Sale,-49.99
9/7/2023,9/8/2023,CHEVRON 0381691,Gas,Sale,-7.12
9/6/2023,9/7/2023,VETSOURCE,Personal,Sale,-25.78
9/6/2023,9/7/2023,JIFFY LUBE #2926,Automotive,Sale,-75.57
9/4/2023,9/6/2023,ZARA USA 3950,Shopping,Sale,-82.06
9/4/2023,9/6/2023,STARBUCKS STORE 48298,Food & Drink,Sale,-17.08
9/5/2023,9/6/2023,CHEVRON 0381691,Gas,Sale,-20.09
9/4/2023,9/6/2023,LULULEMON THE DOMAIN,Shopping,Sale,-158.05
9/5/2023,9/6/2023,Payment Thank You-Mobile,,Payment,900.1
9/4/2023,9/5/2023,SP TECOVAS,Shopping,Sale,-178.61
9/4/2023,9/5/2023,LS IMPOSSIBLE KICKS,Shopping,Sale,-497.95
9/1/2023,9/3/2023,DOGWOOD BAR AND GRILL -DO,Food & Drink,Sale,-13.25
9/1/2023,9/3/2023,DD DOORDASH FIREHOUSE,Food & Drink,Sale,-27.95
9/1/2023,9/1/2023,Payment Thank You-Mobile,,Payment,138.89
8/31/2023,9/1/2023,H-E-B  #202,Groceries,Sale,-135.44
8/31/2023,9/1/2023,CHEVRON 0381691,Gas,Sale,-12.44
8/31/2023,9/1/2023,DD DOORDASH POTBELLYS,Food & Drink,Sale,-34.46
8/30/2023,8/31/2023,DD DOORDASH TARGET,Food & Drink,Sale,-63.61
8/31/2023,8/31/2023,DD DOORDASH SUBWAY,Food & Drink,Sale,-14.57
8/30/2023,8/31/2023,H-E-B  #202,Groceries,Sale,-45.4
8/30/2023,8/31/2023,DD DOORDASH SUBWAY,Food & Drink,Sale,-15.31
8/30/2023,8/30/2023,Payment Thank You-Mobile,,Payment,93.5
8/29/2023,8/29/2023,Payment Thank You-Mobile,,Payment,558.67
8/28/2023,8/29/2023,LA FITNESS,Health & Wellness,Sale,-43.29
8/28/2023,8/29/2023,CHEVRON 0381691,Gas,Sale,-12.97
8/28/2023,8/29/2023,DD DOORDASH ITSJUSTWI,Food & Drink,Sale,-30
8/28/2023,8/29/2023,CHEVRON 0381691,Gas,Sale,-7.24
8/26/2023,8/28/2023,BUC-EE'S #22,Groceries,Sale,-14.45
8/27/2023,8/28/2023,MANAGE INN CAHOOTS  LLC,Food & Drink,Sale,-10.1
8/27/2023,8/28/2023,MANAGE INN CAHOOTS  LLC,Food & Drink,Sale,-32.82
8/25/2023,8/27/2023,CHEVRON 0381691,Gas,Sale,-4.87
8/24/2023,8/27/2023,RIVIERA EXXON,Gas,Sale,-14.26
8/24/2023,8/27/2023,RIVIERA EXXON,Gas,Sale,-75
8/25/2023,8/27/2023,GLORIAS RESTAURANT #11,Food & Drink,Sale,-66.3
8/24/2023,8/25/2023,H-E-B  #202,Groceries,Sale,-24.25
8/23/2023,8/24/2023,CHEVRON 0381691,Gas,Sale,-7.24
8/23/2023,8/24/2023,DD DOORDASH EASTSIDEP,Food & Drink,Sale,-29.19
8/23/2023,8/24/2023,H-E-B  #202,Groceries,Sale,-133.8
8/24/2023,8/24/2023,DD DOORDASH TORCHYSTA,Food & Drink,Sale,-18.38
8/23/2023,8/23/2023,Payment Thank You-Mobile,,Payment,207.65
8/22/2023,8/23/2023,DD DOORDASH SUBWAY,Food & Drink,Sale,-15.53
8/22/2023,8/23/2023,EINSTEIN BROS BAGELS3487,Food & Drink,Sale,-15.02
8/22/2023,8/23/2023,TARGET        00023424,Groceries,Sale,-76.15
8/22/2023,8/23/2023,WALGREENS #3092,Health & Wellness,Sale,-21.31
8/20/2023,8/22/2023,P. TERRYS STAND #7,Food & Drink,Sale,-9.69
8/21/2023,8/22/2023,CHEVRON 0381691,Gas,Sale,-28.6
8/20/2023,8/21/2023,EXXON BURPY MARKET,Gas,Sale,-11.99
8/20/2023,8/21/2023,P. TERRYS STAND #7,Food & Drink,Sale,-15.1
8/19/2023,8/20/2023,TST* LATCHKEY,Food & Drink,Sale,-12
8/18/2023,8/20/2023,CHEVRON 0381691,Gas,Sale,-14.05
8/19/2023,8/20/2023,MANAGE INN CAHOOTS  LLC,Food & Drink,Sale,-17.68
8/19/2023,8/20/2023,MANAGE INN CAHOOTS  LLC,Food & Drink,Sale,-5.41
8/17/2023,8/17/2023,Payment Thank You-Mobile,,Payment,585.95
8/16/2023,8/17/2023,TARGET        00000950,Shopping,Sale,-27.59
8/15/2023,8/17/2023,SHELL OIL 12645906004,Gas,Sale,-63.17
8/15/2023,8/17/2023,SHELL OIL 12645906004,Gas,Sale,-2.37
8/15/2023,8/16/2023,TXTAG 888 468 9824,Travel,Sale,-10
8/15/2023,8/16/2023,COA PARKS &amp; REC,Travel,Sale,-28
8/15/2023,8/15/2023,Payment Thank You-Mobile,,Payment,417.44
8/14/2023,8/15/2023,H-E-B  #202,Groceries,Sale,-91.31
8/14/2023,8/15/2023,CHEVRON 0381691,Gas,Sale,-12.97
8/13/2023,8/14/2023,DD DOORDASH FIREHOUSE,Food & Drink,Sale,-27.05
8/12/2023,8/14/2023,SHELL OIL 57542085402,Gas,Sale,-21.62
8/14/2023,8/14/2023,DD DOORDASH FIREHOUSE,Food & Drink,Sale,-24.1
8/11/2023,8/13/2023,JERSEY MIKES 15048,Food & Drink,Sale,-16.94
8/11/2023,8/13/2023,GLF*HarveyPenickGC,Entertainment,Sale,-92
8/12/2023,8/13/2023,MANAGE INN CAHOOTS  LLC,Food & Drink,Sale,-6.41
8/11/2023,8/13/2023,DD DOORDASH SUBWAY,Food & Drink,Sale,-15
8/12/2023,8/13/2023,MANAGE INN CAHOOTS  LLC,Food & Drink,Sale,-35.91
8/11/2023,8/13/2023,LA FIT *ANNUALFEE,Health & Wellness,Sale,-53.04
8/12/2023,8/13/2023,DD DOORDASH POKEWORKS,Food & Drink,Sale,-28.97
8/12/2023,8/13/2023,THE LUCKY DUCK,Food & Drink,Sale,-17
8/12/2023,8/13/2023,TXTAG 888 468 9824,Travel,Sale,-10
8/10/2023,8/11/2023,NI CAFE,Food & Drink,Sale,-7.38
8/10/2023,8/11/2023,VETSOURCE,Personal,Sale,-25.78
8/10/2023,8/11/2023,CHEVRON 0381691,Gas,Sale,-17.29
8/10/2023,8/11/2023,DD DOORDASH VELVETTAC,Food & Drink,Sale,-27.33
8/9/2023,8/11/2023,FIREHOUSE SUBS 0466 QSR,Food & Drink,Sale,-17.85
8/9/2023,8/10/2023,LEANDER DENTAL CARE,Health & Wellness,Sale,-18
8/9/2023,8/10/2023,LEANDER DENTAL CARE,Health & Wellness,Sale,-129.2
8/8/2023,8/9/2023,CHEVRON 0381691,Gas,Sale,-70.26
8/8/2023,8/9/2023,CHEVRON 0381691,Gas,Sale,-6.48
8/7/2023,8/8/2023,DD DOORDASH VELVETTAC,Food & Drink,Sale,-27.33
8/7/2023,8/8/2023,GLF*GOLFCLUBSTARRANCH,Entertainment,Sale,-143.93
8/6/2023,8/8/2023,SHELL OIL 12645906004,Gas,Sale,-5.93
8/7/2023,8/8/2023,TXTAG 888 468 9824,Travel,Sale,-10
8/7/2023,8/7/2023,Payment Thank You-Mobile,,Payment,433.87
8/6/2023,8/7/2023,TST* LUCKY RABBIT,Food & Drink,Sale,-6.31
8/5/2023,8/6/2023,TST* MEAN EYED CAT,Food & Drink,Sale,-32.08
8/3/2023,8/6/2023,TST* Cafe No Se,Food & Drink,Sale,-53.25
8/5/2023,8/6/2023,MANAGE INN CAHOOTS  LLC,Food & Drink,Sale,-10.1
8/6/2023,8/6/2023,Etsy.com - Fingtech,Shopping,Sale,-35.18
8/5/2023,8/6/2023,SQ *INN CAHOOTS,Food & Drink,Sale,-16.1
8/3/2023,8/6/2023,THE CONTINENTAL CLUB,Food & Drink,Sale,-7.25
8/4/2023,8/6/2023,TST* LATCHKEY,Food & Drink,Sale,-7
8/4/2023,8/6/2023,TST* LATCHKEY,Food & Drink,Sale,-20
8/3/2023,8/4/2023,NI CAFE,Food & Drink,Sale,-7.38
8/3/2023,8/4/2023,DD DOORDASH WHICHWICH,Food & Drink,Sale,-19.54
8/3/2023,8/4/2023,CHEVRON 0381691,Gas,Sale,-12.97
8/2/2023,8/3/2023,H-E-B  #202,Groceries,Sale,-120.85
8/2/2023,8/3/2023,EXXON 7-ELEVEN 36630,Gas,Sale,-54.03
8/2/2023,8/2/2023,Payment Thank You-Mobile,,Payment,43.55
8/2/2023,8/2/2023,DD DOORDASH SUBWAY,Food & Drink,Sale,-15.53
8/1/2023,8/2/2023,TST* Cabo Bobs Burritos,Food & Drink,Sale,-22.61
7/31/2023,8/1/2023,P. TERRYS STAND #8,Food & Drink,Sale,-14.4
7/31/2023,8/1/2023,7-ELEVEN 36596,Gas,Sale,-16.32
7/31/2023,8/1/2023,TST* Cabo Bobs Burritos,Food & Drink,Sale,-12.83
8/1/2023,8/1/2023,Payment Thank You-Mobile,,Payment,236.07
7/30/2023,7/31/2023,GLF*CRYSTALFALLSGC,Entertainment,Sale,-55
7/28/2023,7/30/2023,FIT AUSTIN-ANDERSON LN,Health & Wellness,Sale,-91.99
7/27/2023,7/28/2023,CHEVRON 0381691,Gas,Sale,-12.97
7/26/2023,7/28/2023,CINEPOLIS  - TRAILS,Food & Drink,Sale,-14.62
7/26/2023,7/27/2023,COA PARKS &amp; REC,Travel,Sale,-28
7/26/2023,7/27/2023,7-ELEVEN 36564,Gas,Sale,-8.16
7/26/2023,7/26/2023,Payment Thank You-Mobile,,Payment,335.81
7/25/2023,7/26/2023,DD DOORDASH SUBWAY,Food & Drink,Sale,-16.94
7/25/2023,7/26/2023,FANDANGO,Entertainment,Sale,-8.39
7/24/2023,7/25/2023,DD DOORDASH SUBWAY,Food & Drink,Sale,-16.49
7/24/2023,7/25/2023,H-E-B #029,Groceries,Sale,-103.34
7/24/2023,7/25/2023,P. TERRYS STAND #6,Food & Drink,Sale,-14.18
7/23/2023,7/25/2023,RIVERSIDE GOLF COURSE,Entertainment,Sale,-34.6
7/24/2023,7/24/2023,Payment Thank You-Mobile,,Payment,446.14
7/23/2023,7/24/2023,TST* LATCHKEY,Food & Drink,Sale,-7
7/23/2023,7/24/2023,TST* LATCHKEY,Food & Drink,Sale,-36
7/23/2023,7/24/2023,Amazon.com*FP6WO9MM3,Shopping,Sale,-69.35
7/22/2023,7/24/2023,PROFESSIONAL PARKING M,Travel,Sale,-5.96
7/23/2023,7/24/2023,TST* LATCHKEY,Food & Drink,Sale,-21
7/23/2023,7/24/2023,TST* LATCHKEY,Food & Drink,Sale,-6
7/23/2023,7/24/2023,DD DOORDASH FIREHOUSE,Food & Drink,Sale,-21.89
7/20/2023,7/23/2023,SHELL OIL 57543321004,Gas,Sale,-10.8
7/22/2023,7/23/2023,CHEWY.COM,Shopping,Sale,-63.86
7/21/2023,7/23/2023,VCA ANIMAL HOSP #679,Personal,Sale,-219.35
7/21/2023,7/23/2023,TASTY WEASEL AUSTIN,Food & Drink,Sale,-19.78
7/22/2023,7/23/2023,CHEVRON 0309230,Gas,Sale,-3.24
7/20/2023,7/23/2023,CIRCLE K #2740080,Gas,Sale,-75
7/22/2023,7/23/2023,7-ELEVEN 38615,Gas,Sale,-17.31
7/20/2023,7/23/2023,CIRCLE K #2740080,Gas,Sale,-2.8
7/19/2023,7/21/2023,LIONS MUNICIPAL GOLF,Entertainment,Sale,-10
7/20/2023,7/21/2023,COA PARKS &amp; REC,Travel,Sale,-14
7/20/2023,7/20/2023,Payment Thank You-Mobile,,Payment,288.74
7/18/2023,7/20/2023,LIONS MUNICIPAL GOLF,Entertainment,Sale,-10
7/17/2023,7/19/2023,7-ELEVEN 36577,Gas,Sale,-3.24
7/17/2023,7/18/2023,H-E-B #029,Groceries,Sale,-208.24
7/17/2023,7/18/2023,DD DOORDASH TORCHYSTA,Food & Drink,Sale,-24.9
7/17/2023,7/18/2023,DD DOORDASH MADAMMAMS,Food & Drink,Sale,-31.58
7/18/2023,7/18/2023,DD DOORDASH SUBWAY,Food & Drink,Sale,-15.53
7/17/2023,7/17/2023,Payment Thank You-Mobile,,Payment,717.69
7/15/2023,7/17/2023,P. TERRY'S STAND #26,Food & Drink,Sale,-5.25
7/15/2023,7/16/2023,SQ *TEXAS STATE TUBES,Entertainment,Sale,-305
7/15/2023,7/16/2023,DD DOORDASH SUBWAY,Food & Drink,Sale,-14.57
7/14/2023,7/16/2023,SURF THRU AUSTIN,Automotive,Sale,-9
7/13/2023,7/16/2023,P. TERRYS STAND #6,Food & Drink,Sale,-7.47
7/14/2023,7/16/2023,BALCONES COUNTRY CLUB,Health & Wellness,Sale,-3.25
7/14/2023,7/16/2023,P. TERRYS STAND #8,Food & Drink,Sale,-9.8
7/14/2023,7/16/2023,SQ *BEYOND GOLF PERFORMAN,Education,Sale,-100
7/13/2023,7/16/2023,SHELL OIL 57543321004,Gas,Sale,-10.8
7/14/2023,7/16/2023,NORDSTROM #0733,Shopping,Sale,-103.92
7/12/2023,7/14/2023,SHELL OIL 57543321004,Gas,Sale,-7.56
7/13/2023,7/13/2023,SP JAXXON LLC.,Shopping,Sale,-113.77
7/12/2023,7/13/2023,VETSOURCE,Personal,Sale,-25.78
7/12/2023,7/12/2023,Payment Thank You-Mobile,,Payment,138.99
7/10/2023,7/12/2023,SHELL OIL 57543321004,Gas,Sale,-6.77
7/10/2023,7/11/2023,H-E-B #029,Groceries,Sale,-94.66
7/10/2023,7/11/2023,NI CAFE,Food & Drink,Sale,-7.38
7/10/2023,7/11/2023,NI CAFE,Food & Drink,Sale,-4.77
7/10/2023,7/11/2023,DD DOORDASH P.TERRYSB,Food & Drink,Sale,-16.29
7/9/2023,7/11/2023,JERSEY MIKES 15053,Food & Drink,Sale,-15.89
7/10/2023,7/10/2023,Payment Thank You-Mobile,,Payment,265
7/5/2023,7/7/2023,JERSEY MIKES 15053,Food & Drink,Sale,-13.52
7/5/2023,7/7/2023,SHELL OIL 57543321004,Gas,Sale,-52.77
7/5/2023,7/6/2023,DD DOORDASH WINGSTOP,Food & Drink,Sale,-21.5
7/4/2023,7/6/2023,7-ELEVEN 36610,Gas,Sale,-21.63
7/3/2023,7/5/2023,SHELL OIL 57543321004,Gas,Sale,-6.87
7/4/2023,7/5/2023,DD DOORDASH SUBWAY,Food & Drink,Sale,-14.57
7/4/2023,7/5/2023,DD DOORDASH SONICDRIV,Food & Drink,Sale,-23
7/4/2023,7/4/2023,Payment Thank You-Mobile,,Payment,521.14
7/2/2023,7/4/2023,P. TERRYS STAND #8,Food & Drink,Sale,-10.5
7/2/2023,7/4/2023,7-ELEVEN 35471,Gas,Sale,-19.24
7/2/2023,7/4/2023,7-ELEVEN 35471,Gas,Sale,-81.4
7/2/2023,7/3/2023,JIMMY JOHNS - 4185,Food & Drink,Sale,-9.65
7/1/2023,7/3/2023,7-ELEVEN 36577,Gas,Sale,-3.24
7/1/2023,7/3/2023,LIONS MUNICIPAL GOLF,Entertainment,Sale,-10
7/2/2023,7/3/2023,GLF*CRYSTALFALLSGC,Entertainment,Sale,-155
7/1/2023,7/3/2023,GLF*GolfNowReservation,Entertainment,Sale,-8.08
7/2/2023,7/3/2023,TST* LATCHKEY,Food & Drink,Sale,-12
7/2/2023,7/3/2023,TST* LATCHKEY,Food & Drink,Sale,-12
7/2/2023,7/3/2023,TST* THE CAT'S PAJAMAS,Food & Drink,Sale,-9
6/30/2023,7/2/2023,H-E-B #029,Groceries,Sale,-130.51
6/30/2023,7/2/2023,7-ELEVEN 36577,Gas,Sale,-14.19
6/30/2023,7/2/2023,LIONS MUNICIPAL GOLF,Entertainment,Sale,-10
7/1/2023,7/2/2023,DD DOORDASH TORCHYSTA,Food & Drink,Sale,-20
6/30/2023,7/2/2023,TXTAG 888 468 9824,Travel,Sale,-10
7/1/2023,7/2/2023,H-E-B #029,Groceries,Sale,-13.26
6/30/2023,7/2/2023,DD DOORDASH HAWAIIANB,Food & Drink,Sale,-23.66
6/29/2023,6/30/2023,NI CAFE,Food & Drink,Sale,-0.9
6/28/2023,6/30/2023,SHELL OIL 57543321004,Gas,Sale,-15.38
6/29/2023,6/30/2023,NI CAFE,Food & Drink,Sale,-8.76
6/29/2023,6/29/2023,DD DOORDASH SUBWAY,Food & Drink,Sale,-14.77
6/27/2023,6/29/2023,P. TERRYS STAND #6,Food & Drink,Sale,-12.12
6/28/2023,6/28/2023,Payment Thank You-Mobile,,Payment,18.21
6/27/2023,6/28/2023,DD DOORDASH TORCHYSTA,Food & Drink,Sale,-18.62
6/26/2023,6/28/2023,LIONS MUNICIPAL GOLF,Entertainment,Sale,-10
6/27/2023,6/27/2023,Payment Thank You-Mobile,,Payment,182.46
6/26/2023,6/27/2023,DD DOORDASH TORCHYSTA,Food & Drink,Sale,-18.21
6/25/2023,6/26/2023,CHEWY.COM,Shopping,Sale,-63.86
6/25/2023,6/26/2023,Payment Thank You-Mobile,,Payment,487.42
6/24/2023,6/26/2023,SHELL OIL 57543321004,Gas,Sale,-59.99
6/24/2023,6/26/2023,RIVERSIDE GOLF COURSE,Entertainment,Sale,-48.71
6/25/2023,6/26/2023,P. TERRYS STAND #6,Food & Drink,Sale,-9.9
6/23/2023,6/25/2023,SHELL OIL 57543321004,Gas,Sale,-28.11
6/23/2023,6/25/2023,SHANGRI-LA - AUSTIN,Food & Drink,Sale,-11
6/24/2023,6/25/2023,SQ *TAQUERIA DONA JUANITA,Food & Drink,Sale,-14.07
6/23/2023,6/25/2023,RIVERSIDE GOLF COURSE,Entertainment,Sale,-34.24
6/25/2023,6/25/2023,HUCKBERRY INC,Shopping,Sale,-33.55
6/25/2023,6/25/2023,WEARYOURBEER.COM,Shopping,Sale,-35.98
6/23/2023,6/25/2023,P. TERRYS STAND #6,Food & Drink,Sale,-9.9
6/24/2023,6/25/2023,TST* LATCHKEY,Food & Drink,Sale,-10
6/22/2023,6/23/2023,DD *SUBWAY,Food & Drink,Sale,-14.77
6/21/2023,6/22/2023,H-E-B #029,Groceries,Sale,-129.44
6/21/2023,6/21/2023,Payment Thank You-Mobile,,Payment,442.45
6/20/2023,6/21/2023,DD *CABOBOBSBUR,Food & Drink,Sale,-22
6/19/2023,6/21/2023,BLACKHAWK GOLF CLUB,Entertainment,Sale,-108.26
6/20/2023,6/21/2023,H-E-B #029,Groceries,Sale,-2.34
6/19/2023,6/21/2023,P. TERRYS STAND #8,Food & Drink,Sale,-3.73
6/19/2023,6/21/2023,P. TERRYS STAND #8,Food & Drink,Sale,-8.39
6/19/2023,6/21/2023,BLACKHAWK GOLF CLUB,Entertainment,Sale,-21.64
6/18/2023,6/20/2023,SHELL OIL 12645906004,Gas,Sale,-31.99
6/18/2023,6/20/2023,SHELL OIL 12645906004,Gas,Sale,-2.7
6/18/2023,6/19/2023,COA PARKS &amp; REC,Travel,Sale,-14
6/17/2023,6/19/2023,GULF OIL 92053551,Gas,Sale,-16.77
6/17/2023,6/19/2023,SHELL OIL 57545847402,Gas,Sale,-7.89
6/18/2023,6/19/2023,DD *TORCHYSTACOS,Food & Drink,Sale,-21.84
6/17/2023,6/18/2023,THE LUCKY DUCK,Food & Drink,Sale,-17
6/16/2023,6/18/2023,TST* Flos Wine Bar &amp; Bot,Food & Drink,Sale,-15.39
6/17/2023,6/18/2023,LEFT HOUSE LLC,Food & Drink,Sale,-35
6/16/2023,6/18/2023,GLF*GolfNowReservation,Entertainment,Sale,-5.39
6/17/2023,6/18/2023,TXTAG 888 468 9824,Travel,Sale,-10
6/16/2023,6/18/2023,TST* Flos Wine Bar &amp; Bot,Food & Drink,Sale,-75.54
6/16/2023,6/18/2023,SHELL OIL 57543321004,Gas,Sale,-10.8
6/15/2023,6/16/2023,NI CAFE,Food & Drink,Sale,-10.71
6/15/2023,6/16/2023,BEST BUY      00001784,Shopping,Sale,-75.76
6/15/2023,6/16/2023,PETSMART # 0192,Shopping,Sale,-54.64
6/13/2023,6/15/2023,P. TERRYS STAND #6,Food & Drink,Sale,-7.47
6/14/2023,6/15/2023,VETSOURCE,Personal,Sale,-25.78
6/14/2023,6/14/2023,Payment Thank You-Mobile,,Payment,215.16
6/12/2023,6/14/2023,SHELL OIL 57543321004,Gas,Sale,-3.78
6/12/2023,6/13/2023,DD *HALALBROS,Food & Drink,Sale,-26.38
6/12/2023,6/13/2023,DD *TORCHYSTACOS,Food & Drink,Sale,-24.9
6/12/2023,6/13/2023,H-E-B #029,Groceries,Sale,-143.71
6/12/2023,6/12/2023,Payment Thank You-Mobile,,Payment,204.15
6/9/2023,6/12/2023,GINOS VINO ON THE GREE,Food & Drink,Sale,-2.78
6/10/2023,6/12/2023,SHELL OIL 57545847402,Gas,Sale,-8.64
6/10/2023,6/12/2023,SHELL OIL 57541302105,Gas,Sale,-8.75
6/10/2023,6/11/2023,TXTAG 888 468 9824,Travel,Sale,-10
6/9/2023,6/11/2023,SHELL OIL 12421948006,Gas,Sale,-63.99
6/9/2023,6/11/2023,SHELL OIL 12421948006,Gas,Sale,-24.98
6/9/2023,6/11/2023,GLF*CRYSTALFALLSGC,Entertainment,Sale,-80.32
6/10/2023,6/11/2023,SQ *PETER PAN MINI GOLF,Entertainment,Sale,-9.74
6/8/2023,6/11/2023,POTBELLY #161,Food & Drink,Sale,-11.34
6/7/2023,6/9/2023,SHELL OIL 57543321004,Gas,Sale,-3.78
6/8/2023,6/9/2023,Payment Thank You-Mobile,,Payment,285.02
6/6/2023,6/8/2023,SHELL OIL 57543321004,Gas,Sale,-3.78
6/7/2023,6/8/2023,GLF*GolfNowReservation,Entertainment,Sale,-10.79
6/5/2023,6/8/2023,POTBELLY #458,Food & Drink,Sale,-17.12
6/6/2023,6/7/2023,TXTAG 888 468 9824,Travel,Sale,-10
6/6/2023,6/6/2023,Payment Thank You-Mobile,,Payment,119.93
6/5/2023,6/6/2023,H-E-B #029,Groceries,Sale,-206.36
6/4/2023,6/6/2023,BAJA FRESH,Food & Drink,Sale,-14.08
6/4/2023,6/6/2023,CINNABON D LAS,Food & Drink,Sale,-16.98
6/4/2023,6/6/2023,EXC - STARBUCKS RTUNDA,Food & Drink,Sale,-5.91
6/5/2023,6/5/2023,Payment Thank You-Mobile,,Payment,213.48
6/3/2023,6/5/2023,JOHNNY ROCKETS EXCALIB,Food & Drink,Sale,-22.75
6/3/2023,6/5/2023,EXC - SWORD &amp; STONE BAR,Food & Drink,Sale,-15.01
6/3/2023,6/5/2023,EAST SIDE LOUNGE - ENC,Food & Drink,Sale,-17.17
6/4/2023,6/5/2023,XS - ENCORE,Food & Drink,Sale,-16
6/3/2023,6/5/2023,BEACH CLUB-ENCORE,Food & Drink,Sale,-49
6/2/2023,6/4/2023,OYO STEAK N SHAKE,Food & Drink,Sale,-17.25
6/3/2023,6/4/2023,THE MARKET,Shopping,Sale,-13.99
6/2/2023,6/4/2023,AUSTIN AIRPORT-RETAIL,Shopping,Sale,-31.39
6/3/2023,6/4/2023,RWLV ZOUK NIGHTCLUB,Food & Drink,Sale,-16
6/2/2023,6/4/2023,THE MARKET,Shopping,Sale,-28.49
6/2/2023,6/4/2023,AUSTIN AIRPORT-F&amp;B,Food & Drink,Sale,-21.16
6/2/2023,6/4/2023,DD *SUBWAY,Food & Drink,Sale,-14.77
6/3/2023,6/4/2023,TXTAG 888 468 9824,Travel,Sale,-10
6/2/2023,6/4/2023,SHELL OIL 12508189003,Gas,Sale,-45.66
6/2/2023,6/2/2023,Payment Thank You-Mobile,,Payment,12.94
6/1/2023,6/2/2023,DD *SUBWAY,Food & Drink,Sale,-14.77
5/30/2023,6/1/2023,P. TERRYS STAND #6,Food & Drink,Sale,-12.94
5/31/2023,6/1/2023,Payment Thank You-Mobile,,Payment,61.64
5/28/2023,5/30/2023,LEANDER STORES LLC,Gas,Sale,-16.64
5/29/2023,5/29/2023,Payment Thank You-Mobile,,Payment,110.62
5/28/2023,5/29/2023,TST* LATCHKEY,Food & Drink,Sale,-25
5/28/2023,5/29/2023,TST* LATCHKEY,Food & Drink,Sale,-20
5/27/2023,5/28/2023,H-E-B #029,Groceries,Sale,-46.76
5/27/2023,5/28/2023,Payment Thank You-Mobile,,Payment,237.17
5/27/2023,5/28/2023,CHEWY.COM,Shopping,Sale,-63.86
5/25/2023,5/26/2023,H-E-B #029,Groceries,Sale,-169.59
5/26/2023,5/26/2023,DD DOORDASH POKEWORKS,Food & Drink,Sale,-18.76
5/25/2023,5/26/2023,DD DOORDASH THEKEBABS,Food & Drink,Sale,-26
5/25/2023,5/25/2023,DD DOORDASH NSTARDONU,Food & Drink,Sale,-3.82
5/25/2023,5/25/2023,DD DOORDASH ROSENSBAG,Food & Drink,Sale,-19
5/24/2023,5/24/2023,Payment Thank You-Mobile,,Payment,241.12
5/18/2023,5/21/2023,7-ELEVEN 32654,Gas,Sale,-8.16
5/19/2023,5/21/2023,TXTAG 888 468 9824,Travel,Sale,-10
5/18/2023,5/21/2023,P. TERRYS STAND #14,Food & Drink,Sale,-7.36
5/19/2023,5/21/2023,4UP*FALCONHEAD GC,Entertainment,Sale,-75.78
5/17/2023,5/19/2023,RAISING CANES 0115,Food & Drink,Sale,-16.94
5/18/2023,5/19/2023,JIMMY JOHNS 1810,Food & Drink,Sale,-16.5
5/18/2023,5/18/2023,DD DOORDASH TACOBELL,Food & Drink,Sale,-21.16
5/17/2023,5/18/2023,DD DOORDASH SUBWAY,Food & Drink,Sale,-14.77
5/17/2023,5/18/2023,VETSOURCE,Personal,Sale,-25.78
5/17/2023,5/17/2023,Payment Thank You-Mobile,,Payment,14.77
5/16/2023,5/17/2023,AMZN Mktp US*7H7W24OB3,Shopping,Sale,-44.67
5/15/2023,5/16/2023,DD DOORDASH SUBWAY,Food & Drink,Sale,-14.77
5/16/2023,5/16/2023,Payment Thank You-Mobile,,Payment,1214.38
5/13/2023,5/15/2023,TST* Mighty Fine Burgers,Food & Drink,Sale,-17.06
5/14/2023,5/15/2023,H-E-B #029,Groceries,Sale,-50.41
5/14/2023,5/15/2023,CL *Chase Travel,Travel,Sale,-59.44
5/14/2023,5/15/2023,TravisMathew Domain,Shopping,Sale,-108.2
5/14/2023,5/15/2023,GLF*GolfNowReservation,Entertainment,Sale,-18
5/13/2023,5/15/2023,FIREHOUSE SUBS 0431 QSR,Food & Drink,Sale,-17
5/13/2023,5/14/2023,REGAL GATEWAY 16  0949,Entertainment,Sale,-18
5/13/2023,5/14/2023,SP RIDGE WALLET 065,Shopping,Sale,-180.25
5/13/2023,5/14/2023,ACADEMY SPORTS #27,Shopping,Sale,-40.26
5/13/2023,5/14/2023,SP VUORI CLOTHING,Shopping,Sale,-73.61
5/13/2023,5/14/2023,WARBY PARKER,Health & Wellness,Sale,-156.96
5/13/2023,5/14/2023,AMZN Mktp US*Z77X03IE3,Shopping,Sale,-248.96
5/13/2023,5/14/2023,7-ELEVEN 36610,Gas,Sale,-76.16
5/13/2023,5/14/2023,NESPRESSO USA  INC.,Groceries,Sale,-32.45
5/13/2023,5/14/2023,NORDSTROM #0733,Shopping,Sale,-106.09
5/13/2023,5/14/2023,Payment Thank You-Mobile,,Payment,12.1
5/12/2023,5/14/2023,P. TERRYS STAND #6,Food & Drink,Sale,-11.53
5/11/2023,5/11/2023,Payment Thank You-Mobile,,Payment,345.67
5/10/2023,5/11/2023,NI CAFE,Food & Drink,Sale,-7.98
5/10/2023,5/11/2023,NI CAFE,Food & Drink,Sale,-1.91
5/10/2023,5/11/2023,NI CAFE,Food & Drink,Sale,-2.21
5/9/2023,5/10/2023,NI CAFE,Food & Drink,Sale,-9.35
5/9/2023,5/9/2023,DD DOORDASH JERSEYMIK,Food & Drink,Sale,-25.36
5/8/2023,5/9/2023,H-E-B #029,Groceries,Sale,-112.46
5/8/2023,5/9/2023,P. TERRY'S STAND #26,Food & Drink,Sale,-9.63
5/8/2023,5/8/2023,Payment Thank You-Mobile,,Payment,467.41
5/7/2023,5/8/2023,GLF*TERAVISTAGOLFCLUB,Entertainment,Sale,-140.58
5/6/2023,5/8/2023,7-ELEVEN 36618,Gas,Sale,-24.83
5/7/2023,5/8/2023,GLF*TeravistaGolfClub,Entertainment,Sale,-12.76
5/7/2023,5/8/2023,TEXACO 0377023,Gas,Sale,-10.7
5/6/2023,5/7/2023,GLF*GolfNowReservation,Entertainment,Sale,-24
5/5/2023,5/7/2023,7-ELEVEN 36621,Gas,Sale,-12.96
5/6/2023,5/7/2023,THE DOGWOOD DOMAIN,Food & Drink,Sale,-7.14
5/6/2023,5/7/2023,TST* Maudies Milagro,Food & Drink,Sale,-35.51
5/6/2023,5/7/2023,THE DOGWOOD DOMAIN,Food & Drink,Sale,-8.14
5/5/2023,5/7/2023,THE DOGWOOD DOMAIN,Food & Drink,Sale,-6.14
5/5/2023,5/7/2023,THE DOGWOOD DOMAIN,Food & Drink,Sale,-20.86
5/4/2023,5/5/2023,NI CAFE,Food & Drink,Sale,-7.98
5/4/2023,5/5/2023,NI CAFE,Food & Drink,Sale,-2.21
5/4/2023,5/5/2023,AMZN Mktp US*WM6WV9X93,Shopping,Sale,-229.42
5/4/2023,5/5/2023,AMZN Mktp US*QW4NU7EH3,Shopping,Sale,-51.98
5/2/2023,5/3/2023,AMZN Mktp US*HM67K1H92,Shopping,Sale,-14.06
5/2/2023,5/3/2023,AMZN Mktp US*HM35Q65W2,Shopping,Sale,-35.7
5/2/2023,5/2/2023,Payment Thank You-Mobile,,Payment,727.03
5/1/2023,5/2/2023,P. TERRYS STAND #8,Food & Drink,Sale,-11.31
4/30/2023,5/1/2023,PETER MILLAR AUSTIN,Shopping,Sale,-108.25
4/30/2023,5/1/2023,CHEVRON 0157966,Gas,Sale,-64.06
4/30/2023,5/1/2023,H-E-B #031,Groceries,Sale,-205.06
4/29/2023,4/30/2023,Payment Thank You-Mobile,,Payment,517.84
4/28/2023,4/30/2023,GLF*FALCONHEADGOLFCLUB,Entertainment,Sale,-173.21
4/28/2023,4/30/2023,CHEWY.COM,Shopping,Sale,-33.86
4/29/2023,4/30/2023,GLF*TERAVISTAGOLFCLUB,Entertainment,Sale,-109.02
4/29/2023,4/30/2023,SPEEDY STOP 95,Gas,Sale,-15.57
4/29/2023,4/30/2023,GLF*GolfNowReservation,Entertainment,Sale,-18
4/26/2023,4/27/2023,GLF*GolfNowReservation,Entertainment,Sale,-5.39
4/26/2023,4/27/2023,NI CAFE,Food & Drink,Sale,-11.01
4/25/2023,4/25/2023,DD DOORDASH SUBWAY,Food & Drink,Sale,-15.27
4/24/2023,4/25/2023,AMZN Mktp US*HF70364A2,Shopping,Sale,-119.02
4/24/2023,4/25/2023,THE GRACKLE,Food & Drink,Sale,-20
4/24/2023,4/25/2023,H-E-B #029,Groceries,Sale,-170.95
4/24/2023,4/24/2023,Payment Thank You-Mobile,,Payment,561.78
4/23/2023,4/24/2023,BAR PARTNERS GAMES,Entertainment,Sale,-4.1
4/23/2023,4/24/2023,BAR PARTNERS GAMES,Food & Drink,Sale,-5.1
4/22/2023,4/24/2023,GRABOOST,Groceries,Sale,-27.79
4/23/2023,4/24/2023,TST* HOTEL VEGAS,Food & Drink,Sale,-28.76
4/22/2023,4/24/2023,GRABOOST,Groceries,Sale,-9.39
4/22/2023,4/24/2023,TST* Easy Tiger - Eastsid,Food & Drink,Sale,-46.18
4/22/2023,4/24/2023,P. TERRYS STAND #6,Food & Drink,Sale,-11.31
4/23/2023,4/24/2023,AMZN Mktp US*HF1YZ1EI0,Shopping,Sale,-34.61
4/23/2023,4/24/2023,MCDONALD'S F14128,Food & Drink,Sale,-8.96
4/22/2023,4/23/2023,DD DOORDASH SUBWAY,Food & Drink,Sale,-15.27
4/21/2023,4/23/2023,SHELL OIL 57543321004,Gas,Sale,-3.78
4/22/2023,4/23/2023,AMZN Mktp US*HV5M747G2,Shopping,Sale,-29.16
4/21/2023,4/23/2023,RMA TOLL,Travel,Sale,-16.78
4/20/2023,4/23/2023,SHELL OIL 57542085402,Gas,Sale,-7.12
4/20/2023,4/21/2023,NI CAFE,Food & Drink,Sale,-11.56
4/19/2023,4/21/2023,P. TERRYS STAND #6,Food & Drink,Sale,-10.28
4/20/2023,4/20/2023,Payment Thank You-Mobile,,Payment,356.4
4/18/2023,4/20/2023,TOYOTA OF CEDAR PARK,Automotive,Sale,-369
4/19/2023,4/20/2023,AMZN Mktp US*HV57880V2,Shopping,Sale,-32.46
4/19/2023,4/20/2023,TXTAG 888 468 9824,Travel,Sale,-10
4/20/2023,4/20/2023,DD DOORDASH SUBWAY,Food & Drink,Sale,-13.65
4/19/2023,4/20/2023,VETSOURCE,Personal,Sale,-25.78
4/18/2023,4/20/2023,RAISING CANES 0115,Food & Drink,Sale,-16.94
4/18/2023,4/19/2023,DD DOORDASH CVS,Food & Drink,Sale,-32.71
4/18/2023,4/19/2023,AMZN Mktp US*HV6D00EF1,Shopping,Sale,-61.48
4/18/2023,4/19/2023,RMA TOLL,Travel,Sale,-7.02
4/18/2023,4/18/2023,AMZN Mktp US*HV41Y6TG1,Shopping,Sale,-41.85
4/18/2023,4/18/2023,NESPRESSO USA  INC.,Groceries,Sale,-40.3
4/17/2023,4/17/2023,Payment Thank You-Mobile,,Payment,399.65
4/16/2023,4/17/2023,DAIRY QUEEN 14158,Food & Drink,Sale,-28.85
4/17/2023,4/17/2023,TWO STEP INNCASHLESS,Food & Drink,Sale,-35.77
4/17/2023,4/17/2023,TWO STEP INNCASHLESS,Food & Drink,Sale,-34.49
4/16/2023,4/17/2023,TWO STEP INNCASHLESS,Food & Drink,Sale,-41.57
4/16/2023,4/17/2023,WAL-MART #1303,Groceries,Sale,-10.72
4/15/2023,4/17/2023,GRABOOST,Groceries,Sale,-21.64
4/14/2023,4/16/2023,KRISPY KREME #130,Food & Drink,Sale,-13.5
4/15/2023,4/16/2023,KWIK CHEK#65,Gas,Sale,-7.51
4/16/2023,4/16/2023,TWO STEP INNCASHLESS,Food & Drink,Sale,-35.77
4/14/2023,4/16/2023,DD DOORDASH 7-ELEVEN,Food & Drink,Sale,-16.67
4/16/2023,4/16/2023,TWO STEP INNCASHLESS,Food & Drink,Sale,-41.57
4/15/2023,4/16/2023,TWO STEP INNCASHLESS,Food & Drink,Sale,-30.66
4/14/2023,4/16/2023,7-ELEVEN 36563,Gas,Sale,-11.9
4/12/2023,4/14/2023,SHELL OIL 57543321004,Gas,Sale,-18.39
4/13/2023,4/14/2023,NI CAFE,Food & Drink,Sale,-9.76
4/12/2023,4/13/2023,AMZN Mktp US*HJ04490Y1,Shopping,Sale,-71.99
4/13/2023,4/13/2023,DD DOORDASH POTBELLYS,Food & Drink,Sale,-22.6
4/12/2023,4/13/2023,TRADER JOE'S #453 QPS,Groceries,Sale,-95.23
4/12/2023,4/12/2023,Payment Thank You-Mobile,,Payment,417.82
4/12/2023,4/12/2023,DD DOORDASH FIREHOUSE,Food & Drink,Sale,-24.1
4/9/2023,4/11/2023,SHELL OIL 12609115006,Gas,Sale,-95.19
4/9/2023,4/11/2023,SHELL OIL 12609115006,Gas,Sale,-10.91
4/11/2023,4/11/2023,DD DOORDASH SUBWAY,Food & Drink,Sale,-15.27
4/7/2023,4/9/2023,SHELL OIL 57543321004,Gas,Sale,-11.34
4/6/2023,4/9/2023,P. TERRYS STAND #6,Food & Drink,Sale,-9.63
4/8/2023,4/9/2023,TXTAG 888 468 9824,Travel,Sale,-10
4/5/2023,4/6/2023,AMZN Mktp US*HS1BZ8PF1,Shopping,Sale,-47.98
4/5/2023,4/6/2023,AMZN Mktp US*HS9VW6DQ0,Shopping,Sale,-75.61
4/5/2023,4/6/2023,GLF*GolfNowReservation,Entertainment,Sale,-8.09
4/4/2023,4/6/2023,RAISING CANES 0161,Food & Drink,Sale,-13.18
4/4/2023,4/6/2023,SHELL OIL 57543321004,Gas,Sale,-15.57
4/4/2023,4/5/2023,TRADER JOE'S #453 QPS,Groceries,Sale,-74.51
4/5/2023,4/5/2023,DD DOORDASH SUBWAY,Food & Drink,Sale,-15.27
4/4/2023,4/4/2023,Payment Thank You-Mobile,,Payment,90.21
4/4/2023,4/4/2023,DD DOORDASH SUBWAY,Food & Drink,Sale,-15.27
4/1/2023,4/3/2023,7-ELEVEN 38104,Gas,Sale,-21.64
4/3/2023,4/3/2023,DD DOORDASH FIREHOUSE,Food & Drink,Sale,-26.57
4/1/2023,4/2/2023,Payment Thank You-Mobile,,Payment,16.32
3/31/2023,4/2/2023,TXTAG 888 468 9824,Travel,Sale,-10
3/31/2023,4/2/2023,COA PARKS &amp; REC,Travel,Sale,-32
3/31/2023,3/31/2023,Payment Thank You-Mobile,,Payment,269.19
3/30/2023,3/31/2023,7-ELEVEN 36609,Gas,Sale,-16.32
3/30/2023,3/30/2023,DD DOORDASH SUBWAY,Food & Drink,Sale,-15.27
3/29/2023,3/30/2023,TRADER JOE'S #454 QPS,Groceries,Sale,-96.53
3/29/2023,3/29/2023,DD DOORDASH SUBWAY,Food & Drink,Sale,-15.27
3/28/2023,3/29/2023,DD DOORDASH SUBWAY,Food & Drink,Sale,-15.27
3/28/2023,3/28/2023,Payment Thank You-Mobile,,Payment,15.57
3/27/2023,3/28/2023,INTUIT *TURBOTAX,Shopping,Sale,-126.85
3/27/2023,3/27/2023,Payment Thank You-Mobile,,Payment,284.81
3/25/2023,3/27/2023,SHELL OIL 57543321004,Gas,Sale,-15.57
3/24/2023,3/26/2023,SQ *PROOF OF THE PUDDING,Food & Drink,Sale,-81.86
3/25/2023,3/26/2023,DD DOORDASH SUBWAY,Food & Drink,Sale,-28.12
3/25/2023,3/26/2023,Payment Thank You-Mobile,,Payment,473.01
3/24/2023,3/26/2023,SQ *PROOF OF THE PUDDING,Food & Drink,Sale,-5.41
3/24/2023,3/26/2023,TST* MEAN EYED CAT,Food & Drink,Sale,-24.58
3/23/2023,3/26/2023,P. TERRYS STAND #6,Food & Drink,Sale,-7.36
3/24/2023,3/26/2023,SQ *PROOF OF THE PUDDING,Food & Drink,Sale,-53.04
3/24/2023,3/26/2023,SQ *PROOF OF THE PUDDING,Food & Drink,Sale,-65.6
3/24/2023,3/26/2023,SQ *PROOF OF THE PUDDING,Food & Drink,Sale,-18.84
3/24/2023,3/24/2023,CHEWY.COM,Shopping,Sale,-109.21
3/22/2023,3/23/2023,NI CAFE,Food & Drink,Sale,-11.14
3/22/2023,3/23/2023,VETSOURCE,Personal,Sale,-25.78
3/20/2023,3/22/2023,SHELL OIL 57543321004,Gas,Sale,-85.98
3/20/2023,3/22/2023,SHELL OIL 57543321004,Gas,Sale,-15.57
3/20/2023,3/21/2023,CSC SERVICEWORK,Food & Drink,Sale,-2
3/20/2023,3/21/2023,H-E-B #029,Groceries,Sale,-89.49
3/20/2023,3/21/2023,TXTAG 888 468 9824,Travel,Sale,-10
3/21/2023,3/21/2023,DD DOORDASH SUBWAY,Food & Drink,Sale,-16.68
3/20/2023,3/21/2023,DD DOORDASH SONICDRIV,Food & Drink,Sale,-19.02
3/20/2023,3/21/2023,DD DOORDASH TORCHYSTA,Food & Drink,Sale,-26.13
3/18/2023,3/20/2023,FIREHOUSE SUBS 0431 QSR,Food & Drink,Sale,-20.76
3/18/2023,3/20/2023,WONDER BAR - AUSTIN,Food & Drink,Sale,-34.25
3/19/2023,3/19/2023,Payment Thank You-Mobile,,Payment,18.8
3/18/2023,3/19/2023,BAR PARTNERS GAMES,Entertainment,Sale,-7
3/17/2023,3/17/2023,Payment Thank You-Mobile,,Payment,1037.85
3/15/2023,3/17/2023,SHELL OIL 57543321004,Gas,Sale,-18.8
3/15/2023,3/15/2023,NESPRESSO USA INC,Groceries,Sale,-279.34
3/15/2023,3/15/2023,SEATGEEK EVENT TICKETS,Entertainment,Sale,-424.23
3/12/2023,3/14/2023,SHELL OIL 57543321004,Gas,Sale,-11.56
3/12/2023,3/13/2023,H-E-B #029,Groceries,Sale,-166.74
3/13/2023,3/13/2023,DD DOORDASH LAMADELEI,Food & Drink,Sale,-32.48
3/12/2023,3/12/2023,Payment Thank You-Mobile,,Payment,129.34
3/11/2023,3/12/2023,JIMMY JOHNS - 416,Food & Drink,Sale,-13.51
3/10/2023,3/12/2023,CIRCLE K #2741550,Gas,Sale,-10.05
3/11/2023,3/12/2023,CHUY'S 001,Food & Drink,Sale,-34.99
3/10/2023,3/12/2023,FIREHOUSE SUBS 0466 QSR,Food & Drink,Sale,-17.61
3/11/2023,3/12/2023,TST* Revelry Kitchen and,Food & Drink,Sale,-11.72
3/10/2023,3/12/2023,P. TERRYS STAND #6,Food & Drink,Sale,-14.78
3/11/2023,3/12/2023,TST* Revelry Kitchen and,Food & Drink,Sale,-20.84
3/8/2023,3/10/2023,FIREHOUSE SUBS 0465 QSR,Food & Drink,Sale,-16.01
3/9/2023,3/10/2023,DD DOORDASH PLUCKERSW,Food & Drink,Sale,-36.45
3/8/2023,3/9/2023,P. TERRYS STAND #6,Food & Drink,Sale,-11.31
3/8/2023,3/9/2023,USPS PO 4804040128,Shopping,Sale,-50
3/6/2023,3/8/2023,SHELL OIL 57543321004,Gas,Sale,-15.57
3/6/2023,3/6/2023,Payment Thank You-Mobile,,Payment,201.97
3/4/2023,3/5/2023,H-E-B #029,Groceries,Sale,-29.86
3/3/2023,3/5/2023,DD DOORDASH SUBWAY,Food & Drink,Sale,-16.42
3/3/2023,3/3/2023,Payment Thank You-Mobile,,Payment,17.56
3/2/2023,3/3/2023,P. TERRYS STAND #6,Food & Drink,Sale,-11.31
3/2/2023,3/3/2023,H-E-B #029,Groceries,Sale,-144.38
3/1/2023,3/1/2023,Payment Thank You-Mobile,,Payment,80.99
2/28/2023,3/1/2023,CHEVRON 0208362,Gas,Sale,-15.35
2/28/2023,3/1/2023,NI CAFE,Food & Drink,Sale,-2.21
2/26/2023,2/28/2023,487PEPSIVEN9147678600,Food & Drink,Sale,-5
2/27/2023,2/28/2023,DD DOORDASH LAMADELEI,Food & Drink,Sale,-33.56
2/27/2023,2/27/2023,Payment Thank You-Mobile,,Payment,203.09
2/25/2023,2/27/2023,P. TERRYS STAND #8,Food & Drink,Sale,-9.42
2/26/2023,2/27/2023,JIMMY JOHNS - 2604,Food & Drink,Sale,-14.05
2/26/2023,2/27/2023,TST* CLIVE BAR,Food & Drink,Sale,-10.8
2/26/2023,2/27/2023,7-ELEVEN 38613,Gas,Sale,-8.16
2/25/2023,2/26/2023,GLF*AVERYRANCHGOLFCLUB,Entertainment,Sale,-128.82
2/25/2023,2/26/2023,GLF*AVERYRANCHGOLFCLUB,Entertainment,Sale,-18.19
2/23/2023,2/24/2023,H-E-B #029,Groceries,Sale,-30.3
2/23/2023,2/23/2023,Payment Thank You-Mobile,,Payment,27.35
2/22/2023,2/23/2023,VETSOURCE,Personal,Sale,-25.78
2/21/2023,2/22/2023,H-E-B #029,Groceries,Sale,-15.57
2/20/2023,2/22/2023,SHELL OIL 57543321004,Gas,Sale,-11.78
2/22/2023,2/22/2023,Payment Thank You-Mobile,,Payment,522.46
2/21/2023,2/21/2023,DD DOORDASH FIREHOUSE,Food & Drink,Sale,-35.24
2/20/2023,2/21/2023,H-E-B #029,Groceries,Sale,-121.61
2/20/2023,2/21/2023,TGI FRIDAYS 1935,Food & Drink,Sale,-70
2/19/2023,2/21/2023,GOOD PEOPLE LLC,Food & Drink,Sale,-81.84
2/19/2023,2/21/2023,TST* Post Office Pies,Food & Drink,Sale,-18.5
2/19/2023,2/20/2023,SQ *BACK FORTY BEER CO. B,Food & Drink,Sale,-33
2/19/2023,2/20/2023,SQ *O.HENRY'S-HOMEWOOD,Food & Drink,Sale,-13.13
2/19/2023,2/20/2023,SQ *BACK FORTY BEER CO. B,Food & Drink,Sale,-17.92
2/19/2023,2/20/2023,SQ *BUCKHEAD BOOKS,Shopping,Sale,-9.59
2/17/2023,2/19/2023,AUSTIN AIRPORT-F&amp;B,Food & Drink,Sale,-20.12
2/17/2023,2/17/2023,Payment Thank You-Mobile,,Payment,129.69
2/16/2023,2/17/2023,P. TERRYS STAND #6,Food & Drink,Sale,-11.31
2/16/2023,2/17/2023,CHEWY.COM,Shopping,Sale,-63.86
2/17/2023,2/17/2023,DD DOORDASH EINSTEINB,Food & Drink,Sale,-26.34
2/16/2023,2/16/2023,Payment Thank You-Mobile,,Payment,31.2
2/14/2023,2/16/2023,SHELL OIL 57542085402,Gas,Sale,-7.46
2/14/2023,2/16/2023,7-ELEVEN 36265,Gas,Sale,-5.72
2/16/2023,2/16/2023,DD DOORDASH SUBWAY,Food & Drink,Sale,-15.39
2/15/2023,2/16/2023,DOORDASH*TOTAL WINE &amp;,Food & Drink,Sale,-17.21
2/15/2023,2/16/2023,H-E-B #029,Groceries,Sale,-40.14
2/15/2023,2/16/2023,DD DOORDASH VIA313PIZ,Food & Drink,Sale,-43.77
2/14/2023,2/15/2023,FACEBK ZQ4K6M7KD2,Professional Services,Sale,-14.98
2/12/2023,2/15/2023,POTBELLY #458,Food & Drink,Sale,-16.22
2/14/2023,2/14/2023,Payment Thank You-Mobile,,Payment,620.25
2/11/2023,2/13/2023,FWB CEDAR PARK,Food & Drink,Sale,-21.64
2/12/2023,2/13/2023,TEXACO 0355588,Gas,Sale,-16.98
2/12/2023,2/13/2023,TEXACO 0355588,Gas,Sale,-86.74
2/12/2023,2/13/2023,TEXACO 0305406,Gas,Sale,-6.47
2/10/2023,2/12/2023,TST* Mighty Fine Burgers,Food & Drink,Sale,-15.66
2/10/2023,2/12/2023,RIVERSIDE GOLF COURSE,Entertainment,Sale,-32.48
2/10/2023,2/12/2023,7-ELEVEN 38613,Gas,Sale,-20.06
2/10/2023,2/10/2023,DECKERS*HOKA ONE ONE,Shopping,Sale,-151.55
2/9/2023,2/10/2023,UPSTAIRS CIRCUS ATX LLC,Shopping,Sale,-168.03
2/9/2023,2/9/2023,Payment Thank You-Mobile,,Payment,304.42
2/8/2023,2/9/2023,H-E-B #029,Groceries,Sale,-14.05
2/8/2023,2/9/2023,MANSCAPED,Shopping,Sale,-86.59
2/7/2023,2/8/2023,NI CAFE,Food & Drink,Sale,-10.19
2/6/2023,2/8/2023,SHELL OIL 57543321004,Gas,Sale,-11.02
2/6/2023,2/8/2023,GWCTX 1212,Gifts & Donations,Sale,-7.57
2/7/2023,2/8/2023,H-E-B #029,Groceries,Sale,-89.51
2/6/2023,2/7/2023,SP TIPSYELVES.COM,Shopping,Sale,-86.52
2/5/2023,2/7/2023,MOD PIZZA W LAKE HILLS,Food & Drink,Sale,-11.28
2/6/2023,2/6/2023,Payment Thank You-Mobile,,Payment,433.14
2/5/2023,2/6/2023,DD DOORDASH TORCHYSTA,Food & Drink,Sale,-24.9
2/5/2023,2/6/2023,TRADER JOE'S #453 QPS,Groceries,Sale,-63.43
2/3/2023,2/5/2023,SHELL OIL 10003538005,Gas,Sale,-11.9
2/3/2023,2/5/2023,JIMMY JOHNS - 984,Food & Drink,Sale,-13.18
2/4/2023,2/5/2023,TST* LATCHKEY,Food & Drink,Sale,-22
2/4/2023,2/5/2023,EINSTEIN BROS BAGELS1908,Food & Drink,Sale,-15.02
2/2/2023,2/3/2023,7-ELEVEN 12705,Gas,Sale,-40.65
2/2/2023,2/3/2023,NI CAFE,Food & Drink,Sale,-9.35
1/31/2023,2/1/2023,DD DOORDASH SUBWAY,Food & Drink,Sale,-15.39
1/31/2023,2/1/2023,CL *Chase Travel,Travel,Sale,-100.49
1/31/2023,1/31/2023,Payment Thank You-Mobile,,Payment,74.2
1/30/2023,1/31/2023,DD DOORDASH WALGREENS,Food & Drink,Sale,-25.76
1/30/2023,1/31/2023,DD DOORDASH WALGREENS,Food & Drink,Sale,-1.68
1/30/2023,1/31/2023,DD DOORDASH FIREHOUSE,Food & Drink,Sale,-27.81
1/30/2023,1/31/2023,H-E-B #029,Groceries,Sale,-149.91
1/30/2023,1/30/2023,Payment Thank You-Mobile,,Payment,273.79
1/28/2023,1/30/2023,P. TERRYS STAND #6,Food & Drink,Sale,-10.34
1/29/2023,1/30/2023,CHEWY.COM,Shopping,Sale,-63.86
1/28/2023,1/29/2023,H-E-B #029,Groceries,Sale,-13.05
1/27/2023,1/29/2023,TEXACO 0304918,Gas,Sale,-20.43
1/27/2023,1/29/2023,GLF*FALCONHEADGOLFCLUB,Entertainment,Sale,-134.24
1/27/2023,1/29/2023,P. TERRYS STAND #6,Food & Drink,Sale,-11.31
1/28/2023,1/29/2023,Payment Thank You-Mobile,,Payment,192.46
1/27/2023,1/29/2023,TEXACO 0304918,Gas,Sale,-89.37
1/27/2023,1/29/2023,GLF*GolfNowReservation,Entertainment,Sale,-5.39
1/26/2023,1/27/2023,H-E-B #029,Groceries,Sale,-10.05
1/25/2023,1/27/2023,TST* Easy Tiger - Eastsid,Food & Drink,Sale,-58.08
1/26/2023,1/27/2023,DD DOORDASH SUBWAY,Food & Drink,Sale,-15.27
1/25/2023,1/27/2023,VCA ANIMAL HOSP #679,Personal,Sale,-83.28
1/26/2023,1/26/2023,Payment Thank You-Mobile,,Payment,25.34
1/25/2023,1/26/2023,VETSOURCE,Personal,Sale,-25.78
1/24/2023,1/24/2023,Payment Thank You-Mobile,,Payment,120.62
1/22/2023,1/24/2023,P. TERRYS STAND #6,Food & Drink,Sale,-7.31
1/22/2023,1/24/2023,GRABOOST,Groceries,Sale,-18.03
1/23/2023,1/23/2023,Payment Thank You-Mobile,,Payment,212.31
1/22/2023,1/23/2023,H-E-B #029,Groceries,Sale,-87.38
1/22/2023,1/23/2023,TST* MEAN EYED CAT,Food & Drink,Sale,-33.24
1/21/2023,1/22/2023,H-E-B #029,Groceries,Sale,-21.96
1/19/2023,1/22/2023,CIRCLE K #2741550,Gas,Sale,-9.68
1/19/2023,1/20/2023,TST* WHITE HORSE - NEW,Food & Drink,Sale,-55.89
1/18/2023,1/19/2023,NI CAFE,Food & Drink,Sale,-9.76
1/18/2023,1/18/2023,REDEMPTION CREDIT,Fees & Adjustments,Adjustment,155.14
1/18/2023,1/18/2023,REDEMPTION CREDIT,Fees & Adjustments,Adjustment,179.83
1/18/2023,1/18/2023,REDEMPTION CREDIT,Fees & Adjustments,Adjustment,52.54
1/18/2023,1/18/2023,REDEMPTION CREDIT,Fees & Adjustments,Adjustment,112.36
1/16/2023,1/17/2023,H-E-B #029,Groceries,Sale,-155.14
1/15/2023,1/17/2023,7-ELEVEN 38613,Gas,Sale,-16.88
1/15/2023,1/16/2023,PARLOR &amp; YARD,Food & Drink,Sale,-10.54
1/15/2023,1/16/2023,PARLOR &amp; YARD,Food & Drink,Sale,-11.98
1/15/2023,1/16/2023,TST* BEEZ KNEEZ,Food & Drink,Sale,-22
1/14/2023,1/16/2023,WENDY'S 101,Food & Drink,Sale,-5.41
1/15/2023,1/15/2023,SQ *TACOWEY,Food & Drink,Sale,-15.58
1/14/2023,1/15/2023,Payment Thank You-Mobile,,Payment,400
1/12/2023,1/13/2023,FINISH LINE CAR WASH,Automotive,Sale,-74.95
1/12/2023,1/13/2023,CHEWY.COM,Shopping,Sale,-90.91
1/11/2023,1/11/2023,Payment Thank You-Mobile,,Payment,16.57
1/9/2023,1/11/2023,FIRESTONE679585,Automotive,Sale,-385.74
1/10/2023,1/11/2023,H-E-B #029,Groceries,Sale,-179.83
1/10/2023,1/11/2023,DD DOORDASH SUBWAY,Food & Drink,Sale,-18.3
1/10/2023,1/11/2023,P. TERRYS STAND #6,Food & Drink,Sale,-11.31
1/10/2023,1/11/2023,7-ELEVEN 36565,Gas,Sale,-16.32
