1/5/2024 0:00,Cash,Employee 401(k) Account,Contributions - Employee,Cash Receipts,1,0,264.78
1/5/2024 0:00,Cash,Employer Matching Account,Contributions - Employer,Cash Receipts,1,0,132.39
1/5/2024 0:00,Fidelity Inflation-Prot Bd Index,Employee 401(k) Account,Contributions - Employee,Purchase,8.99,0.59,5.3
1/5/2024 0:00,Fidelity Inflation-Prot Bd Index,Employer Matching Account,Contributions - Employer,Purchase,8.99,0.295,2.65
1/5/2024 0:00,Fidelity Inflation-Prot Bd Index,Employer Matching Account,Recordkeeping Fee,Sale,8.99,-0.042,-0.38
1/5/2024 0:00,Fidelity Inflation-Prot Bd Index,Employer Matching Account,Recordkeeping Fee,Cash Disbursement,8.99,0,-0.38
1/5/2024 0:00,American Funds Europacific Growth R6,Employee 401(k) Account,Contributions - Employee,Purchase,53.49,0.891,47.66
1/5/2024 0:00,American Funds Europacific Growth R6,Employer Matching Account,Contributions - Employer,Purchase,53.49,0.445,23.83
1/5/2024 0:00,Vanguard Real Estate Index Institutional,Employee 401(k) Account,Contributions - Employee,Purchase,18.99,0.558,10.59
1/5/2024 0:00,Vanguard Real Estate Index Institutional,Employer Matching Account,Contributions - Employer,Purchase,18.99,0.279,5.3
1/5/2024 0:00,Vanguard Real Estate Index Institutional,Employer Matching Account,Recordkeeping Fee,Sale,18.99,-0.043,-0.81
1/5/2024 0:00,Vanguard Real Estate Index Institutional,Employer Matching Account,Recordkeeping Fee,Cash Disbursement,18.99,0,-0.81
1/5/2024 0:00,Vanguard Institutional Index I,Employee 401(k) Account,Contributions - Employee,Purchase,387.57,0.191,74.14
1/5/2024 0:00,Vanguard Institutional Index I,Employer Matching Account,Contributions - Employer,Purchase,387.57,0.096,37.07
1/5/2024 0:00,Vanguard Small Cap Index I,Employee 401(k) Account,Contributions - Employee,Purchase,99.04,0.321,31.77
1/5/2024 0:00,Vanguard Small Cap Index I,Employer Matching Account,Contributions - Employer,Purchase,99.04,0.16,15.89
1/5/2024 0:00,Vanguard Small Cap Index I,Employer Matching Account,Recordkeeping Fee,Sale,99.04,-0.024,-2.41
1/5/2024 0:00,Vanguard Small Cap Index I,Employer Matching Account,Recordkeeping Fee,Cash Disbursement,99.04,0,-2.41
1/5/2024 0:00,Vanguard Total Intl Stock Index I,Employee 401(k) Account,Contributions - Employee,Purchase,122.48,0.605,74.14
1/5/2024 0:00,Vanguard Total Intl Stock Index I,Employer Matching Account,Contributions - Employer,Purchase,122.48,0.303,37.06
1/5/2024 0:00,Vanguard Total Intl Stock Index I,Employer Matching Account,Recordkeeping Fee,Sale,122.48,-0.045,-5.52
1/5/2024 0:00,Vanguard Total Intl Stock Index I,Employer Matching Account,Recordkeeping Fee,Cash Disbursement,122.48,0,-5.52
1/5/2024 0:00,Vanguard Windsor II Admiral,Employee 401(k) Account,Contributions - Employee,Purchase,75.32,0.281,21.18
1/5/2024 0:00,Vanguard Windsor II Admiral,Employer Matching Account,Contributions - Employer,Purchase,75.32,0.141,10.59
1/5/2024 0:00,Vanguard Windsor II Admiral,Employer Matching Account,Recordkeeping Fee,Sale,75.32,-0.022,-1.63
1/5/2024 0:00,Vanguard Windsor II Admiral,Employer Matching Account,Recordkeeping Fee,Cash Disbursement,75.32,0,-1.63
12/29/2023 0:00,Fidelity Inflation-Prot Bd Index,Employee 401(k) Account,Interest Earned,Cash Receipts,9.04,0,0.05
12/29/2023 0:00,Fidelity Inflation-Prot Bd Index,Employee 401(k) Account,Interest Earned,Purchase,9.04,0.005,0.05
12/29/2023 0:00,Fidelity Inflation-Prot Bd Index,Employer Matching Account,Interest Earned,Cash Receipts,9.04,0,0.02
12/29/2023 0:00,Fidelity Inflation-Prot Bd Index,Employer Matching Account,Interest Earned,Purchase,9.04,0.002,0.02
12/27/2023 0:00,Vanguard Institutional Index I,Employee 401(k) Account,Dividends/Capital Gains,Cash Receipts,394.39,0,10.42
12/27/2023 0:00,Vanguard Institutional Index I,Employee 401(k) Account,Dividends/Capital Gains,Purchase,394.39,0.026,10.42
12/27/2023 0:00,Vanguard Institutional Index I,Employee 401(k) Account,Dividends/Capital Gains,Cash Receipts,394.39,0,29.52
12/27/2023 0:00,Vanguard Institutional Index I,Employee 401(k) Account,Dividends/Capital Gains,Purchase,394.39,0.075,29.52
12/27/2023 0:00,Vanguard Institutional Index I,Employer Matching Account,Dividends/Capital Gains,Cash Receipts,394.39,0,3.76
12/27/2023 0:00,Vanguard Institutional Index I,Employer Matching Account,Dividends/Capital Gains,Purchase,394.39,0.01,3.76
12/27/2023 0:00,Vanguard Institutional Index I,Employer Matching Account,Dividends/Capital Gains,Cash Receipts,394.39,0,10.65
12/27/2023 0:00,Vanguard Institutional Index I,Employer Matching Account,Dividends/Capital Gains,Purchase,394.39,0.027,10.65
12/22/2023 0:00,Cash,Employee 401(k) Account,Contributions - Employee,Cash Receipts,1,0,264.78
12/22/2023 0:00,Cash,Employer Matching Account,Contributions - Employer,Cash Receipts,1,0,132.39
12/22/2023 0:00,Fidelity Inflation-Prot Bd Index,Employee 401(k) Account,Contributions - Employee,Purchase,9.05,0.586,5.3
12/22/2023 0:00,Fidelity Inflation-Prot Bd Index,Employer Matching Account,Contributions - Employer,Purchase,9.05,0.293,2.65
12/22/2023 0:00,American Funds Europacific Growth R6,Employee 401(k) Account,Contributions - Employee,Purchase,54.07,0.881,47.66
12/22/2023 0:00,American Funds Europacific Growth R6,Employer Matching Account,Contributions - Employer,Purchase,54.07,0.441,23.83
12/22/2023 0:00,Vanguard Real Estate Index Institutional,Employee 401(k) Account,Contributions - Employee,Purchase,19.23,0.551,10.59
12/22/2023 0:00,Vanguard Real Estate Index Institutional,Employer Matching Account,Contributions - Employer,Purchase,19.23,0.276,5.3
12/22/2023 0:00,Vanguard Institutional Index I,Employee 401(k) Account,Contributions - Employee,Purchase,398.34,0.186,74.14
12/22/2023 0:00,Vanguard Institutional Index I,Employer Matching Account,Contributions - Employer,Purchase,398.34,0.093,37.07
12/22/2023 0:00,Vanguard Small Cap Index I,Employee 401(k) Account,Contributions - Employee,Purchase,102.33,0.31,31.77
12/22/2023 0:00,Vanguard Small Cap Index I,Employer Matching Account,Contributions - Employer,Purchase,102.33,0.155,15.89
12/22/2023 0:00,Vanguard Total Intl Stock Index I,Employee 401(k) Account,Contributions - Employee,Purchase,122.71,0.604,74.14
12/22/2023 0:00,Vanguard Total Intl Stock Index I,Employer Matching Account,Contributions - Employer,Purchase,122.71,0.302,37.06
12/22/2023 0:00,Vanguard Windsor II Admiral,Employee 401(k) Account,Contributions - Employee,Purchase,75.71,0.28,21.18
12/22/2023 0:00,Vanguard Windsor II Admiral,Employer Matching Account,Contributions - Employer,Purchase,75.71,0.14,10.59
12/21/2023 0:00,Fidelity Inflation-Prot Bd Index,Employee 401(k) Account,Dividends/Capital Gains,Cash Receipts,9.06,0,5.17
12/21/2023 0:00,Fidelity Inflation-Prot Bd Index,Employee 401(k) Account,Dividends/Capital Gains,Purchase,9.06,0.571,5.17
12/21/2023 0:00,Fidelity Inflation-Prot Bd Index,Employer Matching Account,Dividends/Capital Gains,Cash Receipts,9.06,0,1.88
12/21/2023 0:00,Fidelity Inflation-Prot Bd Index,Employer Matching Account,Dividends/Capital Gains,Purchase,9.06,0.207,1.88
12/20/2023 0:00,Vanguard Real Estate Index Institutional,Employee 401(k) Account,Dividends/Capital Gains,Cash Receipts,18.98,0,4.07
12/20/2023 0:00,Vanguard Real Estate Index Institutional,Employee 401(k) Account,Dividends/Capital Gains,Purchase,18.98,0.215,4.07
12/20/2023 0:00,Vanguard Real Estate Index Institutional,Employer Matching Account,Dividends/Capital Gains,Cash Receipts,18.98,0,1.5
12/20/2023 0:00,Vanguard Real Estate Index Institutional,Employer Matching Account,Dividends/Capital Gains,Purchase,18.98,0.079,1.5
12/20/2023 0:00,Vanguard Small Cap Index I,Employee 401(k) Account,Dividends/Capital Gains,Cash Receipts,100.16,0,5.23
12/20/2023 0:00,Vanguard Small Cap Index I,Employee 401(k) Account,Dividends/Capital Gains,Purchase,100.16,0.052,5.23
12/20/2023 0:00,Vanguard Small Cap Index I,Employer Matching Account,Dividends/Capital Gains,Cash Receipts,100.16,0,1.9
12/20/2023 0:00,Vanguard Small Cap Index I,Employer Matching Account,Dividends/Capital Gains,Purchase,100.16,0.019,1.9
12/19/2023 0:00,Vanguard Windsor II Admiral,Employee 401(k) Account,Dividends/Capital Gains,Cash Receipts,75.59,0,17.76
12/19/2023 0:00,Vanguard Windsor II Admiral,Employee 401(k) Account,Dividends/Capital Gains,Purchase,75.59,0.235,17.76
12/19/2023 0:00,Vanguard Windsor II Admiral,Employee 401(k) Account,Dividends/Capital Gains,Cash Receipts,75.59,0,6.23
12/19/2023 0:00,Vanguard Windsor II Admiral,Employee 401(k) Account,Dividends/Capital Gains,Purchase,75.59,0.082,6.23
12/19/2023 0:00,Vanguard Windsor II Admiral,Employee 401(k) Account,Dividends/Capital Gains,Cash Receipts,75.59,0,5.46
12/19/2023 0:00,Vanguard Windsor II Admiral,Employee 401(k) Account,Dividends/Capital Gains,Purchase,75.59,0.072,5.46
12/19/2023 0:00,Vanguard Windsor II Admiral,Employer Matching Account,Dividends/Capital Gains,Cash Receipts,75.59,0,6.35
12/19/2023 0:00,Vanguard Windsor II Admiral,Employer Matching Account,Dividends/Capital Gains,Purchase,75.59,0.084,6.35
12/19/2023 0:00,Vanguard Windsor II Admiral,Employer Matching Account,Dividends/Capital Gains,Cash Receipts,75.59,0,2.23
12/19/2023 0:00,Vanguard Windsor II Admiral,Employer Matching Account,Dividends/Capital Gains,Purchase,75.59,0.029,2.23
12/19/2023 0:00,Vanguard Windsor II Admiral,Employer Matching Account,Dividends/Capital Gains,Cash Receipts,75.59,0,1.95
12/19/2023 0:00,Vanguard Windsor II Admiral,Employer Matching Account,Dividends/Capital Gains,Purchase,75.59,0.026,1.95
12/15/2023 0:00,Vanguard Total Intl Stock Index I,Employee 401(k) Account,Dividends/Capital Gains,Cash Receipts,121.25,0,33.57
12/15/2023 0:00,Vanguard Total Intl Stock Index I,Employee 401(k) Account,Dividends/Capital Gains,Purchase,121.25,0.277,33.57
12/15/2023 0:00,Vanguard Total Intl Stock Index I,Employer Matching Account,Dividends/Capital Gains,Cash Receipts,121.25,0,12.19
12/15/2023 0:00,Vanguard Total Intl Stock Index I,Employer Matching Account,Dividends/Capital Gains,Purchase,121.25,0.101,12.19
12/14/2023 0:00,American Funds Europacific Growth R6,Employee 401(k) Account,Dividends/Capital Gains,Cash Receipts,53.76,0,27.76
12/14/2023 0:00,American Funds Europacific Growth R6,Employee 401(k) Account,Dividends/Capital Gains,Purchase,53.76,0.516,27.76
12/14/2023 0:00,American Funds Europacific Growth R6,Employee 401(k) Account,Dividends/Capital Gains,Cash Receipts,53.76,0,23.48
12/14/2023 0:00,American Funds Europacific Growth R6,Employee 401(k) Account,Dividends/Capital Gains,Purchase,53.76,0.437,23.48
12/14/2023 0:00,American Funds Europacific Growth R6,Employer Matching Account,Dividends/Capital Gains,Cash Receipts,53.76,0,10.13
12/14/2023 0:00,American Funds Europacific Growth R6,Employer Matching Account,Dividends/Capital Gains,Purchase,53.76,0.188,10.13
12/14/2023 0:00,American Funds Europacific Growth R6,Employer Matching Account,Dividends/Capital Gains,Cash Receipts,53.76,0,8.57
12/14/2023 0:00,American Funds Europacific Growth R6,Employer Matching Account,Dividends/Capital Gains,Purchase,53.76,0.159,8.57
12/8/2023 0:00,Cash,Employee 401(k) Account,Contributions - Employee,Cash Receipts,1,0,264.78
12/8/2023 0:00,Cash,Employer Matching Account,Contributions - Employer,Cash Receipts,1,0,132.39
12/8/2023 0:00,Fidelity Inflation-Prot Bd Index,Employee 401(k) Account,Contributions - Employee,Purchase,9.18,0.577,5.3
12/8/2023 0:00,Fidelity Inflation-Prot Bd Index,Employer Matching Account,Contributions - Employer,Purchase,9.18,0.289,2.65
12/8/2023 0:00,American Funds Europacific Growth R6,Employee 401(k) Account,Contributions - Employee,Purchase,54.08,0.881,47.66
12/8/2023 0:00,American Funds Europacific Growth R6,Employer Matching Account,Contributions - Employer,Purchase,54.08,0.441,23.83
12/8/2023 0:00,Vanguard Real Estate Index Institutional,Employee 401(k) Account,Contributions - Employee,Purchase,18.34,0.577,10.59
12/8/2023 0:00,Vanguard Real Estate Index Institutional,Employer Matching Account,Contributions - Employer,Purchase,18.34,0.289,5.3
12/8/2023 0:00,Vanguard Institutional Index I,Employee 401(k) Account,Contributions - Employee,Purchase,385.55,0.192,74.14
12/8/2023 0:00,Vanguard Institutional Index I,Employer Matching Account,Contributions - Employer,Purchase,385.55,0.096,37.07
12/8/2023 0:00,Vanguard Small Cap Index I,Employee 401(k) Account,Contributions - Employee,Purchase,96.12,0.331,31.77
12/8/2023 0:00,Vanguard Small Cap Index I,Employer Matching Account,Contributions - Employer,Purchase,96.12,0.165,15.89
12/8/2023 0:00,Vanguard Total Intl Stock Index I,Employee 401(k) Account,Contributions - Employee,Purchase,120.67,0.614,74.14
12/8/2023 0:00,Vanguard Total Intl Stock Index I,Employer Matching Account,Contributions - Employer,Purchase,120.67,0.307,37.06
12/8/2023 0:00,Vanguard Windsor II Admiral,Employee 401(k) Account,Contributions - Employee,Purchase,76.09,0.278,21.18
12/8/2023 0:00,Vanguard Windsor II Admiral,Employer Matching Account,Contributions - Employer,Purchase,76.09,0.139,10.59
11/30/2023 0:00,Fidelity Inflation-Prot Bd Index,Employee 401(k) Account,Interest Earned,Cash Receipts,9.12,0,0.04
11/30/2023 0:00,Fidelity Inflation-Prot Bd Index,Employee 401(k) Account,Interest Earned,Purchase,9.12,0.004,0.04
11/30/2023 0:00,Fidelity Inflation-Prot Bd Index,Employer Matching Account,Interest Earned,Cash Receipts,9.12,0,0.01
11/30/2023 0:00,Fidelity Inflation-Prot Bd Index,Employer Matching Account,Interest Earned,Purchase,9.12,0.002,0.01
11/24/2023 0:00,Cash,Employee 401(k) Account,Contributions - Employee,Cash Receipts,1,0,264.78
11/24/2023 0:00,Cash,Employer Matching Account,Contributions - Employer,Cash Receipts,1,0,132.39
11/24/2023 0:00,Fidelity Inflation-Prot Bd Index,Employee 401(k) Account,Contributions - Employee,Purchase,9.05,0.586,5.3
11/24/2023 0:00,Fidelity Inflation-Prot Bd Index,Employer Matching Account,Contributions - Employer,Purchase,9.05,0.293,2.65
11/24/2023 0:00,American Funds Europacific Growth R6,Employee 401(k) Account,Contributions - Employee,Purchase,54.06,0.882,47.66
11/24/2023 0:00,American Funds Europacific Growth R6,Employer Matching Account,Contributions - Employer,Purchase,54.06,0.441,23.83
11/24/2023 0:00,Vanguard Real Estate Index Institutional,Employee 401(k) Account,Contributions - Employee,Purchase,17.51,0.605,10.59
11/24/2023 0:00,Vanguard Real Estate Index Institutional,Employer Matching Account,Contributions - Employer,Purchase,17.51,0.303,5.3
11/24/2023 0:00,Vanguard Institutional Index I,Employee 401(k) Account,Contributions - Employee,Purchase,381.46,0.194,74.14
11/24/2023 0:00,Vanguard Institutional Index I,Employer Matching Account,Contributions - Employer,Purchase,381.46,0.097,37.07
11/24/2023 0:00,Vanguard Small Cap Index I,Employee 401(k) Account,Contributions - Employee,Purchase,92.58,0.343,31.77
11/24/2023 0:00,Vanguard Small Cap Index I,Employer Matching Account,Contributions - Employer,Purchase,92.58,0.172,15.89
11/24/2023 0:00,Vanguard Total Intl Stock Index I,Employee 401(k) Account,Contributions - Employee,Purchase,120,0.618,74.14
11/24/2023 0:00,Vanguard Total Intl Stock Index I,Employer Matching Account,Contributions - Employer,Purchase,120,0.309,37.06
11/24/2023 0:00,Vanguard Windsor II Admiral,Employee 401(k) Account,Contributions - Employee,Purchase,74.98,0.282,21.18
11/24/2023 0:00,Vanguard Windsor II Admiral,Employer Matching Account,Contributions - Employer,Purchase,74.98,0.141,10.59
11/10/2023 0:00,Cash,Employee 401(k) Account,Contributions - Employee,Cash Receipts,1,0,264.78
11/10/2023 0:00,Cash,Employer Matching Account,Contributions - Employer,Cash Receipts,1,0,132.39
11/10/2023 0:00,Fidelity Inflation-Prot Bd Index,Employee 401(k) Account,Contributions - Employee,Purchase,9,0.589,5.3
11/10/2023 0:00,Fidelity Inflation-Prot Bd Index,Employer Matching Account,Contributions - Employer,Purchase,9,0.294,2.65
11/10/2023 0:00,American Funds Europacific Growth R6,Employee 401(k) Account,Contributions - Employee,Purchase,51.78,0.92,47.66
11/10/2023 0:00,American Funds Europacific Growth R6,Employer Matching Account,Contributions - Employer,Purchase,51.78,0.46,23.83
11/10/2023 0:00,Vanguard Real Estate Index Institutional,Employee 401(k) Account,Contributions - Employee,Purchase,16.59,0.638,10.59
11/10/2023 0:00,Vanguard Real Estate Index Institutional,Employer Matching Account,Contributions - Employer,Purchase,16.59,0.32,5.3
11/10/2023 0:00,Vanguard Institutional Index I,Employee 401(k) Account,Contributions - Employee,Purchase,369.07,0.201,74.14
11/10/2023 0:00,Vanguard Institutional Index I,Employer Matching Account,Contributions - Employer,Purchase,369.07,0.1,37.07
11/10/2023 0:00,Vanguard Small Cap Index I,Employee 401(k) Account,Contributions - Employee,Purchase,87.87,0.362,31.77
11/10/2023 0:00,Vanguard Small Cap Index I,Employer Matching Account,Contributions - Employer,Purchase,87.87,0.181,15.89
11/10/2023 0:00,Vanguard Total Intl Stock Index I,Employee 401(k) Account,Contributions - Employee,Purchase,115.08,0.644,74.14
11/10/2023 0:00,Vanguard Total Intl Stock Index I,Employer Matching Account,Contributions - Employer,Purchase,115.08,0.322,37.06
11/10/2023 0:00,Vanguard Windsor II Admiral,Employee 401(k) Account,Contributions - Employee,Purchase,72.33,0.293,21.18
11/10/2023 0:00,Vanguard Windsor II Admiral,Employer Matching Account,Contributions - Employer,Purchase,72.33,0.146,10.59
10/31/2023 0:00,Fidelity Inflation-Prot Bd Index,Employee 401(k) Account,Interest Earned,Cash Receipts,8.89,0,0.03
10/31/2023 0:00,Fidelity Inflation-Prot Bd Index,Employee 401(k) Account,Interest Earned,Purchase,8.89,0.003,0.03
10/31/2023 0:00,Fidelity Inflation-Prot Bd Index,Employer Matching Account,Interest Earned,Cash Receipts,8.89,0,0.01
10/31/2023 0:00,Fidelity Inflation-Prot Bd Index,Employer Matching Account,Interest Earned,Purchase,8.89,0.001,0.01
10/27/2023 0:00,Cash,Employee 401(k) Account,Contributions - Employee,Cash Receipts,1,0,264.78
10/27/2023 0:00,Cash,Employer Matching Account,Contributions - Employer,Cash Receipts,1,0,132.39
10/27/2023 0:00,Fidelity Inflation-Prot Bd Index,Employee 401(k) Account,Contributions - Employee,Purchase,8.92,0.594,5.3
10/27/2023 0:00,Fidelity Inflation-Prot Bd Index,Employer Matching Account,Contributions - Employer,Purchase,8.92,0.297,2.65
10/27/2023 0:00,American Funds Europacific Growth R6,Employee 401(k) Account,Contributions - Employee,Purchase,49.31,0.967,47.66
10/27/2023 0:00,American Funds Europacific Growth R6,Employer Matching Account,Contributions - Employer,Purchase,49.31,0.483,23.83
10/27/2023 0:00,Vanguard Real Estate Index Institutional,Employee 401(k) Account,Contributions - Employee,Purchase,15.63,0.678,10.59
10/27/2023 0:00,Vanguard Real Estate Index Institutional,Employer Matching Account,Contributions - Employer,Purchase,15.63,0.339,5.3
10/27/2023 0:00,Vanguard Institutional Index I,Employee 401(k) Account,Contributions - Employee,Purchase,343.93,0.216,74.14
10/27/2023 0:00,Vanguard Institutional Index I,Employer Matching Account,Contributions - Employer,Purchase,343.93,0.108,37.07
10/27/2023 0:00,Vanguard Small Cap Index I,Employee 401(k) Account,Contributions - Employee,Purchase,83.96,0.378,31.77
10/27/2023 0:00,Vanguard Small Cap Index I,Employer Matching Account,Contributions - Employer,Purchase,83.96,0.189,15.89
10/27/2023 0:00,Vanguard Total Intl Stock Index I,Employee 401(k) Account,Contributions - Employee,Purchase,109.75,0.676,74.14
10/27/2023 0:00,Vanguard Total Intl Stock Index I,Employer Matching Account,Contributions - Employer,Purchase,109.75,0.338,37.06
10/27/2023 0:00,Vanguard Windsor II Admiral,Employee 401(k) Account,Contributions - Employee,Purchase,68.27,0.31,21.18
10/27/2023 0:00,Vanguard Windsor II Admiral,Employer Matching Account,Contributions - Employer,Purchase,68.27,0.155,10.59
10/13/2023 0:00,Cash,Employee 401(k) Account,Contributions - Employee,Cash Receipts,1,0,264.78
10/13/2023 0:00,Cash,Employer Matching Account,Contributions - Employer,Cash Receipts,1,0,132.39
10/13/2023 0:00,Fidelity Inflation-Prot Bd Index,Employee 401(k) Account,Contributions - Employee,Purchase,8.96,0.591,5.3
10/13/2023 0:00,Fidelity Inflation-Prot Bd Index,Employer Matching Account,Contributions - Employer,Purchase,8.96,0.296,2.65
10/13/2023 0:00,American Funds Europacific Growth R6,Employee 401(k) Account,Contributions - Employee,Purchase,51.36,0.928,47.66
10/13/2023 0:00,American Funds Europacific Growth R6,Employer Matching Account,Contributions - Employer,Purchase,51.36,0.464,23.83
10/13/2023 0:00,Vanguard Real Estate Index Institutional,Employee 401(k) Account,Contributions - Employee,Purchase,16.56,0.639,10.59
10/13/2023 0:00,Vanguard Real Estate Index Institutional,Employer Matching Account,Contributions - Employer,Purchase,16.56,0.32,5.3
10/13/2023 0:00,Vanguard Institutional Index I,Employee 401(k) Account,Contributions - Employee,Purchase,361.44,0.205,74.14
10/13/2023 0:00,Vanguard Institutional Index I,Employer Matching Account,Contributions - Employer,Purchase,361.44,0.103,37.07
10/13/2023 0:00,Vanguard Small Cap Index I,Employee 401(k) Account,Contributions - Employee,Purchase,88.24,0.36,31.77
10/13/2023 0:00,Vanguard Small Cap Index I,Employer Matching Account,Contributions - Employer,Purchase,88.24,0.18,15.89
10/13/2023 0:00,Vanguard Total Intl Stock Index I,Employee 401(k) Account,Contributions - Employee,Purchase,114.04,0.65,74.14
10/13/2023 0:00,Vanguard Total Intl Stock Index I,Employer Matching Account,Contributions - Employer,Purchase,114.04,0.325,37.06
10/13/2023 0:00,Vanguard Windsor II Admiral,Employee 401(k) Account,Contributions - Employee,Purchase,71.34,0.297,21.18
10/13/2023 0:00,Vanguard Windsor II Admiral,Employer Matching Account,Contributions - Employer,Purchase,71.34,0.148,10.59
10/5/2023 0:00,Fidelity Inflation-Prot Bd Index,Employer Matching Account,Recordkeeping Fee,Sale,8.86,-0.045,-0.4
10/5/2023 0:00,Fidelity Inflation-Prot Bd Index,Employer Matching Account,Recordkeeping Fee,Cash Disbursement,8.86,0,-0.4
10/5/2023 0:00,Vanguard Real Estate Index Institutional,Employer Matching Account,Recordkeeping Fee,Sale,16.26,-0.047,-0.76
10/5/2023 0:00,Vanguard Real Estate Index Institutional,Employer Matching Account,Recordkeeping Fee,Cash Disbursement,16.26,0,-0.76
10/5/2023 0:00,Vanguard Small Cap Index I,Employer Matching Account,Recordkeeping Fee,Sale,88.11,-0.027,-2.39
10/5/2023 0:00,Vanguard Small Cap Index I,Employer Matching Account,Recordkeeping Fee,Cash Disbursement,88.11,0,-2.39
10/5/2023 0:00,Vanguard Total Intl Stock Index I,Employer Matching Account,Recordkeeping Fee,Sale,112.77,-0.049,-5.55
10/5/2023 0:00,Vanguard Total Intl Stock Index I,Employer Matching Account,Recordkeeping Fee,Cash Disbursement,112.77,0,-5.55
10/5/2023 0:00,Vanguard Windsor II Admiral,Employer Matching Account,Recordkeeping Fee,Sale,70.1,-0.024,-1.65
10/5/2023 0:00,Vanguard Windsor II Admiral,Employer Matching Account,Recordkeeping Fee,Cash Disbursement,70.1,0,-1.65
9/29/2023 0:00,Cash,Employee 401(k) Account,Contributions - Employee,Cash Receipts,1,0,264.78
9/29/2023 0:00,Cash,Employer Matching Account,Contributions - Employer,Cash Receipts,1,0,132.39
9/29/2023 0:00,Fidelity Inflation-Prot Bd Index,Employee 401(k) Account,Contributions - Employee,Purchase,8.95,0.592,5.3
9/29/2023 0:00,Fidelity Inflation-Prot Bd Index,Employee 401(k) Account,Interest Earned,Cash Receipts,8.95,0,0.02
9/29/2023 0:00,Fidelity Inflation-Prot Bd Index,Employee 401(k) Account,Interest Earned,Purchase,8.95,0.002,0.02
9/29/2023 0:00,Fidelity Inflation-Prot Bd Index,Employer Matching Account,Contributions - Employer,Purchase,8.95,0.296,2.65
9/29/2023 0:00,Fidelity Inflation-Prot Bd Index,Employer Matching Account,Interest Earned,Cash Receipts,8.95,0,0.01
9/29/2023 0:00,Fidelity Inflation-Prot Bd Index,Employer Matching Account,Interest Earned,Purchase,8.95,0.001,0.01
9/29/2023 0:00,American Funds Europacific Growth R6,Employee 401(k) Account,Contributions - Employee,Purchase,51.36,0.928,47.66
9/29/2023 0:00,American Funds Europacific Growth R6,Employer Matching Account,Contributions - Employer,Purchase,51.36,0.464,23.83
9/29/2023 0:00,Vanguard Real Estate Index Institutional,Employee 401(k) Account,Contributions - Employee,Purchase,16.6,0.638,10.59
9/29/2023 0:00,Vanguard Real Estate Index Institutional,Employer Matching Account,Contributions - Employer,Purchase,16.6,0.319,5.3
9/29/2023 0:00,Vanguard Institutional Index I,Employee 401(k) Account,Contributions - Employee,Purchase,357.91,0.207,74.14
9/29/2023 0:00,Vanguard Institutional Index I,Employer Matching Account,Contributions - Employer,Purchase,357.91,0.104,37.07
9/29/2023 0:00,Vanguard Small Cap Index I,Employee 401(k) Account,Contributions - Employee,Purchase,90.57,0.351,31.77
9/29/2023 0:00,Vanguard Small Cap Index I,Employer Matching Account,Contributions - Employer,Purchase,90.57,0.175,15.89
9/29/2023 0:00,Vanguard Total Intl Stock Index I,Employee 401(k) Account,Contributions - Employee,Purchase,114.91,0.645,74.14
9/29/2023 0:00,Vanguard Total Intl Stock Index I,Employer Matching Account,Contributions - Employer,Purchase,114.91,0.323,37.06
9/29/2023 0:00,Vanguard Windsor II Admiral,Employee 401(k) Account,Contributions - Employee,Purchase,71.08,0.298,21.18
9/29/2023 0:00,Vanguard Windsor II Admiral,Employer Matching Account,Contributions - Employer,Purchase,71.08,0.149,10.59
9/27/2023 0:00,Vanguard Real Estate Index Institutional,Employee 401(k) Account,Dividends/Capital Gains,Cash Receipts,16.38,0,2.15
9/27/2023 0:00,Vanguard Real Estate Index Institutional,Employee 401(k) Account,Dividends/Capital Gains,Purchase,16.38,0.131,2.15
9/27/2023 0:00,Vanguard Real Estate Index Institutional,Employer Matching Account,Dividends/Capital Gains,Cash Receipts,16.38,0,0.72
9/27/2023 0:00,Vanguard Real Estate Index Institutional,Employer Matching Account,Dividends/Capital Gains,Purchase,16.38,0.044,0.72
9/27/2023 0:00,Vanguard Institutional Index I,Employee 401(k) Account,Dividends/Capital Gains,Cash Receipts,356.72,0,6.71
9/27/2023 0:00,Vanguard Institutional Index I,Employee 401(k) Account,Dividends/Capital Gains,Purchase,356.72,0.019,6.71
9/27/2023 0:00,Vanguard Institutional Index I,Employer Matching Account,Dividends/Capital Gains,Cash Receipts,356.72,0,2.16
9/27/2023 0:00,Vanguard Institutional Index I,Employer Matching Account,Dividends/Capital Gains,Purchase,356.72,0.006,2.16
9/20/2023 0:00,Vanguard Small Cap Index I,Employee 401(k) Account,Dividends/Capital Gains,Cash Receipts,92.14,0,2.82
9/20/2023 0:00,Vanguard Small Cap Index I,Employee 401(k) Account,Dividends/Capital Gains,Purchase,92.14,0.031,2.82
9/20/2023 0:00,Vanguard Small Cap Index I,Employer Matching Account,Dividends/Capital Gains,Cash Receipts,92.14,0,0.93
9/20/2023 0:00,Vanguard Small Cap Index I,Employer Matching Account,Dividends/Capital Gains,Purchase,92.14,0.01,0.93
9/15/2023 0:00,Cash,Employee 401(k) Account,Contributions - Employee,Cash Receipts,1,0,264.78
9/15/2023 0:00,Cash,Employer Matching Account,Contributions - Employer,Cash Receipts,1,0,132.39
9/15/2023 0:00,Fidelity Inflation-Prot Bd Index,Employee 401(k) Account,Contributions - Employee,Purchase,9.08,0.584,5.3
9/15/2023 0:00,Fidelity Inflation-Prot Bd Index,Employer Matching Account,Contributions - Employer,Purchase,9.08,0.292,2.65
9/15/2023 0:00,American Funds Europacific Growth R6,Employee 401(k) Account,Contributions - Employee,Purchase,53.41,0.892,47.66
9/15/2023 0:00,American Funds Europacific Growth R6,Employer Matching Account,Contributions - Employer,Purchase,53.41,0.446,23.83
9/15/2023 0:00,Vanguard Real Estate Index Institutional,Employee 401(k) Account,Contributions - Employee,Purchase,17.94,0.59,10.59
9/15/2023 0:00,Vanguard Real Estate Index Institutional,Employer Matching Account,Contributions - Employer,Purchase,17.94,0.295,5.3
9/15/2023 0:00,Vanguard Institutional Index I,Employee 401(k) Account,Contributions - Employee,Purchase,372.71,0.199,74.14
9/15/2023 0:00,Vanguard Institutional Index I,Employer Matching Account,Contributions - Employer,Purchase,372.71,0.099,37.07
9/15/2023 0:00,Vanguard Small Cap Index I,Employee 401(k) Account,Contributions - Employee,Purchase,93.75,0.339,31.77
9/15/2023 0:00,Vanguard Small Cap Index I,Employer Matching Account,Contributions - Employer,Purchase,93.75,0.17,15.89
9/15/2023 0:00,Vanguard Total Intl Stock Index I,Employee 401(k) Account,Contributions - Employee,Purchase,118.91,0.623,74.14
9/15/2023 0:00,Vanguard Total Intl Stock Index I,Employee 401(k) Account,Dividends/Capital Gains,Cash Receipts,118.91,0,8.79
9/15/2023 0:00,Vanguard Total Intl Stock Index I,Employee 401(k) Account,Dividends/Capital Gains,Purchase,118.91,0.074,8.79
9/15/2023 0:00,Vanguard Total Intl Stock Index I,Employer Matching Account,Contributions - Employer,Purchase,118.91,0.312,37.06
9/15/2023 0:00,Vanguard Total Intl Stock Index I,Employer Matching Account,Dividends/Capital Gains,Cash Receipts,118.91,0,2.84
9/15/2023 0:00,Vanguard Total Intl Stock Index I,Employer Matching Account,Dividends/Capital Gains,Purchase,118.91,0.024,2.84
9/15/2023 0:00,Vanguard Windsor II Admiral,Employee 401(k) Account,Contributions - Employee,Purchase,73.45,0.288,21.18
9/15/2023 0:00,Vanguard Windsor II Admiral,Employer Matching Account,Contributions - Employer,Purchase,73.45,0.144,10.59
9/1/2023 0:00,Cash,Employee 401(k) Account,Contributions - Employee,Cash Receipts,1,0,264.78
9/1/2023 0:00,Cash,Employer Matching Account,Contributions - Employer,Cash Receipts,1,0,132.39
9/1/2023 0:00,Fidelity Inflation-Prot Bd Index,Employee 401(k) Account,Contributions - Employee,Purchase,9.08,0.584,5.3
9/1/2023 0:00,Fidelity Inflation-Prot Bd Index,Employer Matching Account,Contributions - Employer,Purchase,9.08,0.292,2.65
9/1/2023 0:00,American Funds Europacific Growth R6,Employee 401(k) Account,Contributions - Employee,Purchase,54.18,0.88,47.66
9/1/2023 0:00,American Funds Europacific Growth R6,Employer Matching Account,Contributions - Employer,Purchase,54.18,0.44,23.83
9/1/2023 0:00,Vanguard Real Estate Index Institutional,Employee 401(k) Account,Contributions - Employee,Purchase,18.09,0.585,10.59
9/1/2023 0:00,Vanguard Real Estate Index Institutional,Employer Matching Account,Contributions - Employer,Purchase,18.09,0.293,5.3
9/1/2023 0:00,Vanguard Institutional Index I,Employee 401(k) Account,Contributions - Employee,Purchase,377.96,0.196,74.14
9/1/2023 0:00,Vanguard Institutional Index I,Employer Matching Account,Contributions - Employer,Purchase,377.96,0.098,37.07
9/1/2023 0:00,Vanguard Small Cap Index I,Employee 401(k) Account,Contributions - Employee,Purchase,97.29,0.327,31.77
9/1/2023 0:00,Vanguard Small Cap Index I,Employer Matching Account,Contributions - Employer,Purchase,97.29,0.163,15.89
9/1/2023 0:00,Vanguard Total Intl Stock Index I,Employee 401(k) Account,Contributions - Employee,Purchase,119.85,0.619,74.14
9/1/2023 0:00,Vanguard Total Intl Stock Index I,Employer Matching Account,Contributions - Employer,Purchase,119.85,0.309,37.06
9/1/2023 0:00,Vanguard Windsor II Admiral,Employee 401(k) Account,Contributions - Employee,Purchase,74.06,0.286,21.18
9/1/2023 0:00,Vanguard Windsor II Admiral,Employer Matching Account,Contributions - Employer,Purchase,74.06,0.143,10.59
8/31/2023 0:00,Fidelity Inflation-Prot Bd Index,Employee 401(k) Account,Interest Earned,Cash Receipts,9.13,0,0.02
8/31/2023 0:00,Fidelity Inflation-Prot Bd Index,Employee 401(k) Account,Interest Earned,Purchase,9.13,0.002,0.02
8/31/2023 0:00,Fidelity Inflation-Prot Bd Index,Employer Matching Account,Interest Earned,Cash Receipts,9.13,0,0.01
8/31/2023 0:00,Fidelity Inflation-Prot Bd Index,Employer Matching Account,Interest Earned,Purchase,9.13,0.001,0.01
8/18/2023 0:00,Cash,Employee 401(k) Account,Contributions - Employee,Cash Receipts,1,0,270.95
8/18/2023 0:00,Cash,Employer Matching Account,Contributions - Employer,Cash Receipts,1,0,135.47
8/18/2023 0:00,Fidelity Inflation-Prot Bd Index,Employee 401(k) Account,Contributions - Employee,Purchase,9.05,0.599,5.42
8/18/2023 0:00,Fidelity Inflation-Prot Bd Index,Employer Matching Account,Contributions - Employer,Purchase,9.05,0.299,2.71
8/18/2023 0:00,American Funds Europacific Growth R6,Employee 401(k) Account,Contributions - Employee,Purchase,52.78,0.924,48.77
8/18/2023 0:00,American Funds Europacific Growth R6,Employer Matching Account,Contributions - Employer,Purchase,52.78,0.462,24.38
8/18/2023 0:00,Vanguard Real Estate Index Institutional,Employee 401(k) Account,Contributions - Employee,Purchase,17.63,0.615,10.84
8/18/2023 0:00,Vanguard Real Estate Index Institutional,Employer Matching Account,Contributions - Employer,Purchase,17.63,0.308,5.42
8/18/2023 0:00,Vanguard Institutional Index I,Employee 401(k) Account,Contributions - Employee,Purchase,365.47,0.208,75.87
8/18/2023 0:00,Vanguard Institutional Index I,Employer Matching Account,Contributions - Employer,Purchase,365.47,0.104,37.93
8/18/2023 0:00,Vanguard Small Cap Index I,Employee 401(k) Account,Contributions - Employee,Purchase,93.67,0.347,32.51
8/18/2023 0:00,Vanguard Small Cap Index I,Employer Matching Account,Contributions - Employer,Purchase,93.67,0.174,16.26
8/18/2023 0:00,Vanguard Total Intl Stock Index I,Employee 401(k) Account,Contributions - Employee,Purchase,116.83,0.649,75.86
8/18/2023 0:00,Vanguard Total Intl Stock Index I,Employer Matching Account,Contributions - Employer,Purchase,116.83,0.325,37.93
8/18/2023 0:00,Vanguard Windsor II Admiral,Employee 401(k) Account,Contributions - Employee,Purchase,72.38,0.3,21.68
8/18/2023 0:00,Vanguard Windsor II Admiral,Employer Matching Account,Contributions - Employer,Purchase,72.38,0.15,10.84
8/4/2023 0:00,Cash,Employee 401(k) Account,Contributions - Employee,Cash Receipts,1,0,258.62
8/4/2023 0:00,Cash,Employer Matching Account,Contributions - Employer,Cash Receipts,1,0,129.31
8/4/2023 0:00,Fidelity Inflation-Prot Bd Index,Employee 401(k) Account,Contributions - Employee,Purchase,9.16,0.564,5.17
8/4/2023 0:00,Fidelity Inflation-Prot Bd Index,Employer Matching Account,Contributions - Employer,Purchase,9.16,0.283,2.59
8/4/2023 0:00,American Funds Europacific Growth R6,Employee 401(k) Account,Contributions - Employee,Purchase,54.84,0.849,46.55
8/4/2023 0:00,American Funds Europacific Growth R6,Employer Matching Account,Contributions - Employer,Purchase,54.84,0.424,23.28
8/4/2023 0:00,Vanguard Real Estate Index Institutional,Employee 401(k) Account,Contributions - Employee,Purchase,18.21,0.568,10.34
8/4/2023 0:00,Vanguard Real Estate Index Institutional,Employer Matching Account,Contributions - Employer,Purchase,18.21,0.284,5.17
8/4/2023 0:00,Vanguard Institutional Index I,Employee 401(k) Account,Contributions - Employee,Purchase,374.15,0.194,72.41
8/4/2023 0:00,Vanguard Institutional Index I,Employer Matching Account,Contributions - Employer,Purchase,374.15,0.097,36.21
8/4/2023 0:00,Vanguard Small Cap Index I,Employee 401(k) Account,Contributions - Employee,Purchase,97.8,0.317,31.03
8/4/2023 0:00,Vanguard Small Cap Index I,Employer Matching Account,Contributions - Employer,Purchase,97.8,0.159,15.52
8/4/2023 0:00,Vanguard Total Intl Stock Index I,Employee 401(k) Account,Contributions - Employee,Purchase,121.32,0.597,72.41
8/4/2023 0:00,Vanguard Total Intl Stock Index I,Employer Matching Account,Contributions - Employer,Purchase,121.32,0.298,36.2
8/4/2023 0:00,Vanguard Windsor II Admiral,Employee 401(k) Account,Contributions - Employee,Purchase,74.38,0.278,20.71
8/4/2023 0:00,Vanguard Windsor II Admiral,Employer Matching Account,Contributions - Employer,Purchase,74.38,0.139,10.34
7/31/2023 0:00,Fidelity Inflation-Prot Bd Index,Employee 401(k) Account,Interest Earned,Cash Receipts,9.21,0,0.01
7/31/2023 0:00,Fidelity Inflation-Prot Bd Index,Employee 401(k) Account,Interest Earned,Purchase,9.21,0.001,0.01
7/21/2023 0:00,Cash,Employee 401(k) Account,Contributions - Employee,Cash Receipts,1,0,258.62
7/21/2023 0:00,Cash,Employer Matching Account,Contributions - Employer,Cash Receipts,1,0,129.31
7/21/2023 0:00,Fidelity Inflation-Prot Bd Index,Employee 401(k) Account,Contributions - Employee,Purchase,9.24,0.56,5.17
7/21/2023 0:00,Fidelity Inflation-Prot Bd Index,Employer Matching Account,Contributions - Employer,Purchase,9.24,0.28,2.59
7/21/2023 0:00,American Funds Europacific Growth R6,Employee 401(k) Account,Contributions - Employee,Purchase,55.73,0.835,46.55
7/21/2023 0:00,American Funds Europacific Growth R6,Employer Matching Account,Contributions - Employer,Purchase,55.73,0.418,23.28
7/21/2023 0:00,Vanguard Real Estate Index Institutional,Employee 401(k) Account,Contributions - Employee,Purchase,18.89,0.547,10.34
7/21/2023 0:00,Vanguard Real Estate Index Institutional,Employer Matching Account,Contributions - Employer,Purchase,18.89,0.274,5.17
7/21/2023 0:00,Vanguard Institutional Index I,Employee 401(k) Account,Contributions - Employee,Purchase,378.88,0.191,72.41
7/21/2023 0:00,Vanguard Institutional Index I,Employer Matching Account,Contributions - Employer,Purchase,378.88,0.096,36.21
7/21/2023 0:00,Vanguard Small Cap Index I,Employee 401(k) Account,Contributions - Employee,Purchase,98.5,0.315,31.03
7/21/2023 0:00,Vanguard Small Cap Index I,Employer Matching Account,Contributions - Employer,Purchase,98.5,0.158,15.52
7/21/2023 0:00,Vanguard Total Intl Stock Index I,Employee 401(k) Account,Contributions - Employee,Purchase,123.1,0.588,72.41
7/21/2023 0:00,Vanguard Total Intl Stock Index I,Employer Matching Account,Contributions - Employer,Purchase,123.1,0.294,36.2
7/21/2023 0:00,Vanguard Windsor II Admiral,Employee 401(k) Account,Contributions - Employee,Purchase,74.78,0.277,20.71
7/21/2023 0:00,Vanguard Windsor II Admiral,Employer Matching Account,Contributions - Employer,Purchase,74.78,0.138,10.34
7/18/2023 0:00,Fidelity Inflation-Prot Bd Index,Employer Matching Account,Recordkeeping Fee,Sale,9.22,-0.021,-0.2
7/18/2023 0:00,Fidelity Inflation-Prot Bd Index,Employer Matching Account,Recordkeeping Fee,Cash Disbursement,9.22,0,-0.2
7/18/2023 0:00,American Funds Europacific Growth R6,Employer Matching Account,Recordkeeping Fee,Sale,56.18,-0.034,-1.91
7/18/2023 0:00,American Funds Europacific Growth R6,Employer Matching Account,Recordkeeping Fee,Cash Disbursement,56.18,0,-1.91
7/18/2023 0:00,Vanguard Real Estate Index Institutional,Employer Matching Account,Recordkeeping Fee,Sale,18.66,-0.023,-0.42
7/18/2023 0:00,Vanguard Real Estate Index Institutional,Employer Matching Account,Recordkeeping Fee,Cash Disbursement,18.66,0,-0.42
7/18/2023 0:00,Vanguard Institutional Index I,Employer Matching Account,Recordkeeping Fee,Sale,380.39,-0.008,-3.08
7/18/2023 0:00,Vanguard Institutional Index I,Employer Matching Account,Recordkeeping Fee,Cash Disbursement,380.39,0,-3.08
7/18/2023 0:00,Vanguard Small Cap Index I,Employer Matching Account,Recordkeeping Fee,Sale,99.01,-0.013,-1.31
7/18/2023 0:00,Vanguard Small Cap Index I,Employer Matching Account,Recordkeeping Fee,Cash Disbursement,99.01,0,-1.31
7/18/2023 0:00,Vanguard Total Intl Stock Index I,Employer Matching Account,Recordkeeping Fee,Sale,123.71,-0.024,-2.97
7/18/2023 0:00,Vanguard Total Intl Stock Index I,Employer Matching Account,Recordkeeping Fee,Cash Disbursement,123.71,0,-2.97
7/18/2023 0:00,Vanguard Windsor II Admiral,Employer Matching Account,Recordkeeping Fee,Sale,74.6,-0.011,-0.86
7/18/2023 0:00,Vanguard Windsor II Admiral,Employer Matching Account,Recordkeeping Fee,Cash Disbursement,74.6,0,-0.86
7/7/2023 0:00,Cash,Employee 401(k) Account,Contributions - Employee,Cash Receipts,1,0,258.62
7/7/2023 0:00,Cash,Employer Matching Account,Contributions - Employer,Cash Receipts,1,0,129.31
7/7/2023 0:00,Fidelity Inflation-Prot Bd Index,Employee 401(k) Account,Contributions - Employee,Purchase,9.09,0.569,5.17
7/7/2023 0:00,Fidelity Inflation-Prot Bd Index,Employer Matching Account,Contributions - Employer,Purchase,9.09,0.285,2.59
7/7/2023 0:00,American Funds Europacific Growth R6,Employee 401(k) Account,Contributions - Employee,Purchase,53.51,0.87,46.55
7/7/2023 0:00,American Funds Europacific Growth R6,Employer Matching Account,Contributions - Employer,Purchase,53.51,0.435,23.28
7/7/2023 0:00,Vanguard Real Estate Index Institutional,Employee 401(k) Account,Contributions - Employee,Purchase,18.36,0.563,10.34
7/7/2023 0:00,Vanguard Real Estate Index Institutional,Employer Matching Account,Contributions - Employer,Purchase,18.36,0.282,5.17
7/7/2023 0:00,Vanguard Institutional Index I,Employee 401(k) Account,Contributions - Employee,Purchase,367.3,0.197,72.41
7/7/2023 0:00,Vanguard Institutional Index I,Employer Matching Account,Contributions - Employer,Purchase,367.3,0.099,36.21
7/7/2023 0:00,Vanguard Small Cap Index I,Employee 401(k) Account,Contributions - Employee,Purchase,94.41,0.329,31.03
7/7/2023 0:00,Vanguard Small Cap Index I,Employer Matching Account,Contributions - Employer,Purchase,94.41,0.164,15.52
7/7/2023 0:00,Vanguard Total Intl Stock Index I,Employee 401(k) Account,Contributions - Employee,Purchase,118.56,0.611,72.41
7/7/2023 0:00,Vanguard Total Intl Stock Index I,Employer Matching Account,Contributions - Employer,Purchase,118.56,0.305,36.2
7/7/2023 0:00,Vanguard Windsor II Admiral,Employee 401(k) Account,Contributions - Employee,Purchase,72.03,0.288,20.71
7/7/2023 0:00,Vanguard Windsor II Admiral,Employer Matching Account,Contributions - Employer,Purchase,72.03,0.144,10.34
6/30/2023 0:00,Fidelity Inflation-Prot Bd Index,Employee 401(k) Account,Interest Earned,Cash Receipts,9.2,0,0.01
6/30/2023 0:00,Fidelity Inflation-Prot Bd Index,Employee 401(k) Account,Interest Earned,Purchase,9.2,0.001,0.01
6/28/2023 0:00,Vanguard Real Estate Index Institutional,Employee 401(k) Account,Dividends/Capital Gains,Cash Receipts,18.03,0,2.01
6/28/2023 0:00,Vanguard Real Estate Index Institutional,Employee 401(k) Account,Dividends/Capital Gains,Purchase,18.03,0.112,2.01
6/28/2023 0:00,Vanguard Real Estate Index Institutional,Employer Matching Account,Dividends/Capital Gains,Cash Receipts,18.03,0,0.57
6/28/2023 0:00,Vanguard Real Estate Index Institutional,Employer Matching Account,Dividends/Capital Gains,Purchase,18.03,0.031,0.57
6/28/2023 0:00,Vanguard Institutional Index I,Employee 401(k) Account,Dividends/Capital Gains,Cash Receipts,365.25,0,5.45
6/28/2023 0:00,Vanguard Institutional Index I,Employee 401(k) Account,Dividends/Capital Gains,Purchase,365.25,0.015,5.45
6/28/2023 0:00,Vanguard Institutional Index I,Employer Matching Account,Dividends/Capital Gains,Cash Receipts,365.25,0,1.46
6/28/2023 0:00,Vanguard Institutional Index I,Employer Matching Account,Dividends/Capital Gains,Purchase,365.25,0.004,1.46
6/23/2023 0:00,Cash,Employee 401(k) Account,Contributions - Employee,Cash Receipts,1,0,252.31
6/23/2023 0:00,Cash,Employer Matching Account,Contributions - Employer,Cash Receipts,1,0,126.15
6/23/2023 0:00,Fidelity Inflation-Prot Bd Index,Employee 401(k) Account,Contributions - Employee,Purchase,9.23,0.547,5.05
6/23/2023 0:00,Fidelity Inflation-Prot Bd Index,Employer Matching Account,Contributions - Employer,Purchase,9.23,0.273,2.52
6/23/2023 0:00,American Funds Europacific Growth R6,Employee 401(k) Account,Contributions - Employee,Purchase,53.79,0.844,45.42
6/23/2023 0:00,American Funds Europacific Growth R6,Employer Matching Account,Contributions - Employer,Purchase,53.79,0.422,22.71
6/23/2023 0:00,Vanguard Real Estate Index Institutional,Employee 401(k) Account,Contributions - Employee,Purchase,17.58,0.574,10.09
6/23/2023 0:00,Vanguard Real Estate Index Institutional,Employer Matching Account,Contributions - Employer,Purchase,17.58,0.287,5.05
6/23/2023 0:00,Vanguard Institutional Index I,Employee 401(k) Account,Contributions - Employee,Purchase,364.3,0.194,70.65
6/23/2023 0:00,Vanguard Institutional Index I,Employer Matching Account,Contributions - Employer,Purchase,364.3,0.097,35.32
6/23/2023 0:00,Vanguard Small Cap Index I,Employee 401(k) Account,Contributions - Employee,Purchase,91.35,0.331,30.28
6/23/2023 0:00,Vanguard Small Cap Index I,Employer Matching Account,Contributions - Employer,Purchase,91.35,0.166,15.14
6/23/2023 0:00,Vanguard Total Intl Stock Index I,Employee 401(k) Account,Contributions - Employee,Purchase,118.26,0.597,70.64
6/23/2023 0:00,Vanguard Total Intl Stock Index I,Employer Matching Account,Contributions - Employer,Purchase,118.26,0.299,35.32
6/23/2023 0:00,Vanguard Windsor II Admiral,Employee 401(k) Account,Contributions - Employee,Purchase,71.14,0.284,20.18
6/23/2023 0:00,Vanguard Windsor II Admiral,Employer Matching Account,Contributions - Employer,Purchase,71.14,0.142,10.09
6/22/2023 0:00,Vanguard Small Cap Index I,Employee 401(k) Account,Dividends/Capital Gains,Cash Receipts,92.57,0,2.06
6/22/2023 0:00,Vanguard Small Cap Index I,Employee 401(k) Account,Dividends/Capital Gains,Purchase,92.57,0.022,2.06
6/22/2023 0:00,Vanguard Small Cap Index I,Employer Matching Account,Dividends/Capital Gains,Cash Receipts,92.57,0,0.54
6/22/2023 0:00,Vanguard Small Cap Index I,Employer Matching Account,Dividends/Capital Gains,Purchase,92.57,0.006,0.54
6/16/2023 0:00,Vanguard Total Intl Stock Index I,Employee 401(k) Account,Dividends/Capital Gains,Cash Receipts,122.38,0,13.45
6/16/2023 0:00,Vanguard Total Intl Stock Index I,Employee 401(k) Account,Dividends/Capital Gains,Purchase,122.38,0.11,13.45
6/16/2023 0:00,Vanguard Total Intl Stock Index I,Employer Matching Account,Dividends/Capital Gains,Cash Receipts,122.38,0,3.52
6/16/2023 0:00,Vanguard Total Intl Stock Index I,Employer Matching Account,Dividends/Capital Gains,Purchase,122.38,0.029,3.52
6/16/2023 0:00,Vanguard Windsor II Admiral,Employee 401(k) Account,Dividends/Capital Gains,Cash Receipts,72.44,0,3.01
6/16/2023 0:00,Vanguard Windsor II Admiral,Employee 401(k) Account,Dividends/Capital Gains,Purchase,72.44,0.042,3.01
6/16/2023 0:00,Vanguard Windsor II Admiral,Employer Matching Account,Dividends/Capital Gains,Cash Receipts,72.44,0,0.78
6/16/2023 0:00,Vanguard Windsor II Admiral,Employer Matching Account,Dividends/Capital Gains,Purchase,72.44,0.011,0.78
6/12/2023 0:00,American Funds Europacific Growth R6,Employee 401(k) Account,Dividends/Capital Gains,Cash Receipts,54.61,0,2.99
6/12/2023 0:00,American Funds Europacific Growth R6,Employee 401(k) Account,Dividends/Capital Gains,Purchase,54.61,0.055,2.99
6/12/2023 0:00,American Funds Europacific Growth R6,Employer Matching Account,Dividends/Capital Gains,Cash Receipts,54.61,0,0.78
6/12/2023 0:00,American Funds Europacific Growth R6,Employer Matching Account,Dividends/Capital Gains,Purchase,54.61,0.014,0.78
6/7/2023 0:00,Cash,Employee 401(k) Account,Contributions - Employee,Cash Receipts,1,0,252.31
6/7/2023 0:00,Cash,Employer Matching Account,Contributions - Employer,Cash Receipts,1,0,126.15
6/7/2023 0:00,Fidelity Inflation-Prot Bd Index,Employee 401(k) Account,Contributions - Employee,Purchase,9.18,0.55,5.05
6/7/2023 0:00,Fidelity Inflation-Prot Bd Index,Employer Matching Account,Contributions - Employer,Purchase,9.18,0.274,2.52
6/7/2023 0:00,American Funds Europacific Growth R6,Employee 401(k) Account,Contributions - Employee,Purchase,53.92,0.842,45.42
6/7/2023 0:00,American Funds Europacific Growth R6,Employer Matching Account,Contributions - Employer,Purchase,53.92,0.421,22.71
6/7/2023 0:00,Vanguard Real Estate Index Institutional,Employee 401(k) Account,Contributions - Employee,Purchase,18.35,0.55,10.09
6/7/2023 0:00,Vanguard Real Estate Index Institutional,Employer Matching Account,Contributions - Employer,Purchase,18.35,0.275,5.05
6/7/2023 0:00,Vanguard Institutional Index I,Employee 401(k) Account,Contributions - Employee,Purchase,357.25,0.198,70.65
6/7/2023 0:00,Vanguard Institutional Index I,Employer Matching Account,Contributions - Employer,Purchase,357.25,0.099,35.32
6/7/2023 0:00,Vanguard Small Cap Index I,Employee 401(k) Account,Contributions - Employee,Purchase,93.87,0.323,30.28
6/7/2023 0:00,Vanguard Small Cap Index I,Employer Matching Account,Contributions - Employer,Purchase,93.87,0.161,15.14
6/7/2023 0:00,Vanguard Total Intl Stock Index I,Employee 401(k) Account,Contributions - Employee,Purchase,119.68,0.59,70.64
6/7/2023 0:00,Vanguard Total Intl Stock Index I,Employer Matching Account,Contributions - Employer,Purchase,119.68,0.295,35.32
6/7/2023 0:00,Vanguard Windsor II Admiral,Employee 401(k) Account,Contributions - Employee,Purchase,71.35,0.283,20.18
6/7/2023 0:00,Vanguard Windsor II Admiral,Employer Matching Account,Contributions - Employer,Purchase,71.35,0.141,10.09
5/31/2023 0:00,Fidelity Inflation-Prot Bd Index,Employee 401(k) Account,Interest Earned,Cash Receipts,9.23,0,0.01
5/31/2023 0:00,Fidelity Inflation-Prot Bd Index,Employee 401(k) Account,Interest Earned,Purchase,9.23,0.001,0.01
5/26/2023 0:00,Cash,Employee 401(k) Account,Contributions - Employee,Cash Receipts,1,0,252.31
5/26/2023 0:00,Cash,Employer Matching Account,Contributions - Employer,Cash Receipts,1,0,126.15
5/26/2023 0:00,Fidelity Inflation-Prot Bd Index,Employee 401(k) Account,Contributions - Employee,Purchase,9.19,0.55,5.05
5/26/2023 0:00,Fidelity Inflation-Prot Bd Index,Employer Matching Account,Contributions - Employer,Purchase,9.19,0.274,2.52
5/26/2023 0:00,American Funds Europacific Growth R6,Employee 401(k) Account,Contributions - Employee,Purchase,53.86,0.843,45.42
5/26/2023 0:00,American Funds Europacific Growth R6,Employer Matching Account,Contributions - Employer,Purchase,53.86,0.422,22.71
5/26/2023 0:00,Vanguard Real Estate Index Institutional,Employee 401(k) Account,Contributions - Employee,Purchase,17.39,0.58,10.09
5/26/2023 0:00,Vanguard Real Estate Index Institutional,Employer Matching Account,Contributions - Employer,Purchase,17.39,0.29,5.05
5/26/2023 0:00,Vanguard Institutional Index I,Employee 401(k) Account,Contributions - Employee,Purchase,351.85,0.201,70.65
5/26/2023 0:00,Vanguard Institutional Index I,Employer Matching Account,Contributions - Employer,Purchase,351.85,0.1,35.32
5/26/2023 0:00,Vanguard Small Cap Index I,Employee 401(k) Account,Contributions - Employee,Purchase,89.01,0.34,30.28
5/26/2023 0:00,Vanguard Small Cap Index I,Employer Matching Account,Contributions - Employer,Purchase,89.01,0.17,15.14
5/26/2023 0:00,Vanguard Total Intl Stock Index I,Employee 401(k) Account,Contributions - Employee,Purchase,118.68,0.595,70.64
5/26/2023 0:00,Vanguard Total Intl Stock Index I,Employer Matching Account,Contributions - Employer,Purchase,118.68,0.298,35.32
5/26/2023 0:00,Vanguard Windsor II Admiral,Employee 401(k) Account,Contributions - Employee,Purchase,70.13,0.288,20.18
5/26/2023 0:00,Vanguard Windsor II Admiral,Employer Matching Account,Contributions - Employer,Purchase,70.13,0.144,10.09
5/12/2023 0:00,Cash,Employee 401(k) Account,Contributions - Employee,Cash Receipts,1,0,252.31
5/12/2023 0:00,Cash,Employer Matching Account,Contributions - Employer,Cash Receipts,1,0,126.15
5/12/2023 0:00,Fidelity Inflation-Prot Bd Index,Employee 401(k) Account,Contributions - Employee,Purchase,9.33,0.541,5.05
5/12/2023 0:00,Fidelity Inflation-Prot Bd Index,Employer Matching Account,Contributions - Employer,Purchase,9.33,0.27,2.52
5/12/2023 0:00,American Funds Europacific Growth R6,Employee 401(k) Account,Contributions - Employee,Purchase,54.18,0.838,45.42
5/12/2023 0:00,American Funds Europacific Growth R6,Employer Matching Account,Contributions - Employer,Purchase,54.18,0.419,22.71
5/12/2023 0:00,Vanguard Real Estate Index Institutional,Employee 401(k) Account,Contributions - Employee,Purchase,17.99,0.561,10.09
5/12/2023 0:00,Vanguard Real Estate Index Institutional,Employer Matching Account,Contributions - Employer,Purchase,17.99,0.281,5.05
5/12/2023 0:00,Vanguard Institutional Index I,Employee 401(k) Account,Contributions - Employee,Purchase,344.76,0.205,70.65
5/12/2023 0:00,Vanguard Institutional Index I,Employer Matching Account,Contributions - Employer,Purchase,344.76,0.102,35.32
5/12/2023 0:00,Vanguard Small Cap Index I,Employee 401(k) Account,Contributions - Employee,Purchase,88.03,0.344,30.28
5/12/2023 0:00,Vanguard Small Cap Index I,Employer Matching Account,Contributions - Employer,Purchase,88.03,0.172,15.14
5/12/2023 0:00,Vanguard Total Intl Stock Index I,Employee 401(k) Account,Contributions - Employee,Purchase,119.75,0.59,70.64
5/12/2023 0:00,Vanguard Total Intl Stock Index I,Employer Matching Account,Contributions - Employer,Purchase,119.75,0.295,35.32
5/12/2023 0:00,Vanguard Windsor II Admiral,Employee 401(k) Account,Contributions - Employee,Purchase,69.01,0.292,20.18
5/12/2023 0:00,Vanguard Windsor II Admiral,Employer Matching Account,Contributions - Employer,Purchase,69.01,0.146,10.09
4/28/2023 0:00,Cash,Employee 401(k) Account,Contributions - Employee,Cash Receipts,1,0,252.31
4/28/2023 0:00,Cash,Employer Matching Account,Contributions - Employer,Cash Receipts,1,0,126.15
4/28/2023 0:00,Fidelity Inflation-Prot Bd Index,Employee 401(k) Account,Contributions - Employee,Purchase,9.34,0.541,5.05
4/28/2023 0:00,Fidelity Inflation-Prot Bd Index,Employer Matching Account,Contributions - Employer,Purchase,9.34,0.27,2.52
4/28/2023 0:00,American Funds Europacific Growth R6,Employee 401(k) Account,Contributions - Employee,Purchase,54.44,0.834,45.42
4/28/2023 0:00,American Funds Europacific Growth R6,Employer Matching Account,Contributions - Employer,Purchase,54.44,0.417,22.71
4/28/2023 0:00,Vanguard Real Estate Index Institutional,Employee 401(k) Account,Contributions - Employee,Purchase,18.28,0.552,10.09
4/28/2023 0:00,Vanguard Real Estate Index Institutional,Employer Matching Account,Contributions - Employer,Purchase,18.28,0.276,5.05
4/28/2023 0:00,Vanguard Institutional Index I,Employee 401(k) Account,Contributions - Employee,Purchase,348.3,0.203,70.65
4/28/2023 0:00,Vanguard Institutional Index I,Employer Matching Account,Contributions - Employer,Purchase,348.3,0.101,35.32
4/28/2023 0:00,Vanguard Small Cap Index I,Employee 401(k) Account,Contributions - Employee,Purchase,89.78,0.337,30.28
4/28/2023 0:00,Vanguard Small Cap Index I,Employer Matching Account,Contributions - Employer,Purchase,89.78,0.169,15.14
4/28/2023 0:00,Vanguard Total Intl Stock Index I,Employee 401(k) Account,Contributions - Employee,Purchase,120.63,0.586,70.64
4/28/2023 0:00,Vanguard Total Intl Stock Index I,Employer Matching Account,Contributions - Employer,Purchase,120.63,0.293,35.32
4/28/2023 0:00,Vanguard Windsor II Admiral,Employee 401(k) Account,Contributions - Employee,Purchase,70.31,0.287,20.18
4/28/2023 0:00,Vanguard Windsor II Admiral,Employer Matching Account,Contributions - Employer,Purchase,70.31,0.143,10.09
4/19/2023 0:00,Fidelity Inflation-Prot Bd Index,Employer Matching Account,Recordkeeping Fee,Sale,9.28,-0.022,-0.21
4/19/2023 0:00,Fidelity Inflation-Prot Bd Index,Employer Matching Account,Recordkeeping Fee,Cash Disbursement,9.28,0,-0.21
4/19/2023 0:00,American Funds Europacific Growth R6,Employer Matching Account,Recordkeeping Fee,Sale,54.57,-0.036,-1.97
4/19/2023 0:00,American Funds Europacific Growth R6,Employer Matching Account,Recordkeeping Fee,Cash Disbursement,54.57,0,-1.97
4/19/2023 0:00,Vanguard Real Estate Index Institutional,Employer Matching Account,Recordkeeping Fee,Sale,18.25,-0.023,-0.42
4/19/2023 0:00,Vanguard Real Estate Index Institutional,Employer Matching Account,Recordkeeping Fee,Cash Disbursement,18.25,0,-0.42
4/19/2023 0:00,Vanguard Institutional Index I,Employer Matching Account,Recordkeeping Fee,Sale,346.95,-0.009,-3.01
4/19/2023 0:00,Vanguard Institutional Index I,Employer Matching Account,Recordkeeping Fee,Cash Disbursement,346.95,0,-3.01
4/19/2023 0:00,Vanguard Small Cap Index I,Employer Matching Account,Recordkeeping Fee,Sale,90.87,-0.014,-1.25
4/19/2023 0:00,Vanguard Small Cap Index I,Employer Matching Account,Recordkeeping Fee,Cash Disbursement,90.87,0,-1.25
4/19/2023 0:00,Vanguard Total Intl Stock Index I,Employer Matching Account,Recordkeeping Fee,Sale,120.67,-0.025,-3.03
4/19/2023 0:00,Vanguard Total Intl Stock Index I,Employer Matching Account,Recordkeeping Fee,Cash Disbursement,120.67,0,-3.03
4/19/2023 0:00,Vanguard Windsor II Admiral,Employer Matching Account,Recordkeeping Fee,Sale,70.18,-0.013,-0.86
4/19/2023 0:00,Vanguard Windsor II Admiral,Employer Matching Account,Recordkeeping Fee,Cash Disbursement,70.18,0,-0.86
4/14/2023 0:00,Cash,Employee 401(k) Account,Contributions - Employee,Cash Receipts,1,0,252.31
4/14/2023 0:00,Cash,Employer Matching Account,Contributions - Employer,Cash Receipts,1,0,126.15
4/14/2023 0:00,Fidelity Inflation-Prot Bd Index,Employee 401(k) Account,Contributions - Employee,Purchase,9.32,0.542,5.05
4/14/2023 0:00,Fidelity Inflation-Prot Bd Index,Employer Matching Account,Contributions - Employer,Purchase,9.32,0.27,2.52
4/14/2023 0:00,American Funds Europacific Growth R6,Employee 401(k) Account,Contributions - Employee,Purchase,54.76,0.829,45.42
4/14/2023 0:00,American Funds Europacific Growth R6,Employer Matching Account,Contributions - Employer,Purchase,54.76,0.415,22.71
4/14/2023 0:00,Vanguard Real Estate Index Institutional,Employee 401(k) Account,Contributions - Employee,Purchase,17.81,0.567,10.09
4/14/2023 0:00,Vanguard Real Estate Index Institutional,Employer Matching Account,Contributions - Employer,Purchase,17.81,0.284,5.05
4/14/2023 0:00,Vanguard Institutional Index I,Employee 401(k) Account,Contributions - Employee,Purchase,345.54,0.204,70.65
4/14/2023 0:00,Vanguard Institutional Index I,Employer Matching Account,Contributions - Employer,Purchase,345.54,0.102,35.32
4/14/2023 0:00,Vanguard Small Cap Index I,Employee 401(k) Account,Contributions - Employee,Purchase,90,0.336,30.28
4/14/2023 0:00,Vanguard Small Cap Index I,Employer Matching Account,Contributions - Employer,Purchase,90,0.168,15.14
4/14/2023 0:00,Vanguard Total Intl Stock Index I,Employee 401(k) Account,Contributions - Employee,Purchase,120.93,0.584,70.64
4/14/2023 0:00,Vanguard Total Intl Stock Index I,Employer Matching Account,Contributions - Employer,Purchase,120.93,0.292,35.32
4/14/2023 0:00,Vanguard Windsor II Admiral,Employee 401(k) Account,Contributions - Employee,Purchase,70.05,0.288,20.18
4/14/2023 0:00,Vanguard Windsor II Admiral,Employer Matching Account,Contributions - Employer,Purchase,70.05,0.144,10.09
3/31/2023 0:00,Cash,Employee 401(k) Account,Contributions - Employee,Cash Receipts,1,0,252.31
3/31/2023 0:00,Cash,Employer Matching Account,Contributions - Employer,Cash Receipts,1,0,126.15
3/31/2023 0:00,Fidelity Inflation-Prot Bd Index,Employee 401(k) Account,Contributions - Employee,Purchase,9.33,0.541,5.05
3/31/2023 0:00,Fidelity Inflation-Prot Bd Index,Employer Matching Account,Contributions - Employer,Purchase,9.33,0.27,2.52
3/31/2023 0:00,American Funds Europacific Growth R6,Employee 401(k) Account,Contributions - Employee,Purchase,53.87,0.843,45.42
3/31/2023 0:00,American Funds Europacific Growth R6,Employer Matching Account,Contributions - Employer,Purchase,53.87,0.422,22.71
3/31/2023 0:00,Vanguard Real Estate Index Institutional,Employee 401(k) Account,Contributions - Employee,Purchase,18.23,0.553,10.09
3/31/2023 0:00,Vanguard Real Estate Index Institutional,Employer Matching Account,Contributions - Employer,Purchase,18.23,0.277,5.05
3/31/2023 0:00,Vanguard Institutional Index I,Employee 401(k) Account,Contributions - Employee,Purchase,342.96,0.206,70.65
3/31/2023 0:00,Vanguard Institutional Index I,Employer Matching Account,Contributions - Employer,Purchase,342.96,0.103,35.32
3/31/2023 0:00,Vanguard Small Cap Index I,Employee 401(k) Account,Contributions - Employee,Purchase,90.84,0.333,30.28
3/31/2023 0:00,Vanguard Small Cap Index I,Employer Matching Account,Contributions - Employer,Purchase,90.84,0.167,15.14
3/31/2023 0:00,Vanguard Total Intl Stock Index I,Employee 401(k) Account,Contributions - Employee,Purchase,118.56,0.596,70.64
3/31/2023 0:00,Vanguard Total Intl Stock Index I,Employer Matching Account,Contributions - Employer,Purchase,118.56,0.298,35.32
3/31/2023 0:00,Vanguard Windsor II Admiral,Employee 401(k) Account,Contributions - Employee,Purchase,69.23,0.292,20.18
3/31/2023 0:00,Vanguard Windsor II Admiral,Employer Matching Account,Contributions - Employer,Purchase,69.23,0.146,10.09
3/23/2023 0:00,Vanguard Real Estate Index Institutional,Employee 401(k) Account,Dividends/Capital Gains,Cash Receipts,16.85,0,0.99
3/23/2023 0:00,Vanguard Real Estate Index Institutional,Employee 401(k) Account,Dividends/Capital Gains,Purchase,16.85,0.059,0.99
3/23/2023 0:00,Vanguard Real Estate Index Institutional,Employer Matching Account,Dividends/Capital Gains,Cash Receipts,16.85,0,0.14
3/23/2023 0:00,Vanguard Real Estate Index Institutional,Employer Matching Account,Dividends/Capital Gains,Purchase,16.85,0.008,0.14
3/23/2023 0:00,Vanguard Institutional Index I,Employee 401(k) Account,Dividends/Capital Gains,Cash Receipts,329.49,0,3.24
3/23/2023 0:00,Vanguard Institutional Index I,Employee 401(k) Account,Dividends/Capital Gains,Purchase,329.49,0.01,3.24
3/23/2023 0:00,Vanguard Institutional Index I,Employee 401(k) Account,Dividends/Capital Gains,Cash Receipts,329.49,0,2.96
3/23/2023 0:00,Vanguard Institutional Index I,Employee 401(k) Account,Dividends/Capital Gains,Purchase,329.49,0.009,2.96
3/23/2023 0:00,Vanguard Institutional Index I,Employer Matching Account,Dividends/Capital Gains,Cash Receipts,329.49,0,0.43
3/23/2023 0:00,Vanguard Institutional Index I,Employer Matching Account,Dividends/Capital Gains,Purchase,329.49,0.001,0.43
3/23/2023 0:00,Vanguard Institutional Index I,Employer Matching Account,Dividends/Capital Gains,Cash Receipts,329.49,0,0.4
3/23/2023 0:00,Vanguard Institutional Index I,Employer Matching Account,Dividends/Capital Gains,Purchase,329.49,0.001,0.4
3/22/2023 0:00,Vanguard Small Cap Index I,Employee 401(k) Account,Dividends/Capital Gains,Cash Receipts,86.46,0,1.29
3/22/2023 0:00,Vanguard Small Cap Index I,Employee 401(k) Account,Dividends/Capital Gains,Purchase,86.46,0.015,1.29
3/22/2023 0:00,Vanguard Small Cap Index I,Employer Matching Account,Dividends/Capital Gains,Cash Receipts,86.46,0,0.18
3/22/2023 0:00,Vanguard Small Cap Index I,Employer Matching Account,Dividends/Capital Gains,Purchase,86.46,0.002,0.18
3/17/2023 0:00,Cash,Employee 401(k) Account,Contributions - Employee,Cash Receipts,1,0,252.31
3/17/2023 0:00,Cash,Employer Matching Account,Contributions - Employer,Cash Receipts,1,0,126.15
3/17/2023 0:00,Fidelity Inflation-Prot Bd Index,Employee 401(k) Account,Contributions - Employee,Purchase,9.21,0.548,5.05
3/17/2023 0:00,Fidelity Inflation-Prot Bd Index,Employer Matching Account,Contributions - Employer,Purchase,9.21,0.274,2.52
3/17/2023 0:00,American Funds Europacific Growth R6,Employee 401(k) Account,Contributions - Employee,Purchase,50.57,0.898,45.42
3/17/2023 0:00,American Funds Europacific Growth R6,Employer Matching Account,Contributions - Employer,Purchase,50.57,0.449,22.71
3/17/2023 0:00,Vanguard Real Estate Index Institutional,Employee 401(k) Account,Contributions - Employee,Purchase,17.67,0.571,10.09
3/17/2023 0:00,Vanguard Real Estate Index Institutional,Employer Matching Account,Contributions - Employer,Purchase,17.67,0.286,5.05
3/17/2023 0:00,Vanguard Institutional Index I,Employee 401(k) Account,Contributions - Employee,Purchase,329.36,0.215,70.65
3/17/2023 0:00,Vanguard Institutional Index I,Employer Matching Account,Contributions - Employer,Purchase,329.36,0.107,35.32
3/17/2023 0:00,Vanguard Small Cap Index I,Employee 401(k) Account,Contributions - Employee,Purchase,86.33,0.351,30.28
3/17/2023 0:00,Vanguard Small Cap Index I,Employer Matching Account,Contributions - Employer,Purchase,86.33,0.175,15.14
3/17/2023 0:00,Vanguard Total Intl Stock Index I,Employee 401(k) Account,Contributions - Employee,Purchase,112.35,0.629,70.64
3/17/2023 0:00,Vanguard Total Intl Stock Index I,Employee 401(k) Account,Dividends/Capital Gains,Cash Receipts,112.35,0,1.53
3/17/2023 0:00,Vanguard Total Intl Stock Index I,Employee 401(k) Account,Dividends/Capital Gains,Purchase,112.35,0.014,1.53
3/17/2023 0:00,Vanguard Total Intl Stock Index I,Employer Matching Account,Contributions - Employer,Purchase,112.35,0.314,35.32
3/17/2023 0:00,Vanguard Total Intl Stock Index I,Employer Matching Account,Dividends/Capital Gains,Cash Receipts,112.35,0,0.15
3/17/2023 0:00,Vanguard Total Intl Stock Index I,Employer Matching Account,Dividends/Capital Gains,Purchase,112.35,0.001,0.15
3/17/2023 0:00,Vanguard Windsor II Admiral,Employee 401(k) Account,Contributions - Employee,Purchase,66.17,0.305,20.18
3/17/2023 0:00,Vanguard Windsor II Admiral,Employer Matching Account,Contributions - Employer,Purchase,66.17,0.152,10.09
3/3/2023 0:00,Cash,Employee 401(k) Account,Contributions - Employee,Cash Receipts,1,0,252.31
3/3/2023 0:00,Cash,Employer Matching Account,Contributions - Employer,Cash Receipts,1,0,126.15
3/3/2023 0:00,Fidelity Inflation-Prot Bd Index,Employee 401(k) Account,Contributions - Employee,Purchase,9.14,0.553,5.05
3/3/2023 0:00,Fidelity Inflation-Prot Bd Index,Employer Matching Account,Contributions - Employer,Purchase,9.14,0.276,2.52
3/3/2023 0:00,American Funds Europacific Growth R6,Employee 401(k) Account,Contributions - Employee,Purchase,52.82,0.86,45.42
3/3/2023 0:00,American Funds Europacific Growth R6,Employer Matching Account,Contributions - Employer,Purchase,52.82,0.43,22.71
3/3/2023 0:00,Vanguard Real Estate Index Institutional,Employee 401(k) Account,Contributions - Employee,Purchase,19.07,0.529,10.09
3/3/2023 0:00,Vanguard Real Estate Index Institutional,Employer Matching Account,Contributions - Employer,Purchase,19.07,0.265,5.05
3/3/2023 0:00,Vanguard Institutional Index I,Employee 401(k) Account,Contributions - Employee,Purchase,339.92,0.208,70.65
3/3/2023 0:00,Vanguard Institutional Index I,Employer Matching Account,Contributions - Employer,Purchase,339.92,0.104,35.32
3/3/2023 0:00,Vanguard Small Cap Index I,Employee 401(k) Account,Contributions - Employee,Purchase,96.61,0.313,30.28
3/3/2023 0:00,Vanguard Small Cap Index I,Employer Matching Account,Contributions - Employer,Purchase,96.61,0.157,15.14
3/3/2023 0:00,Vanguard Total Intl Stock Index I,Employee 401(k) Account,Contributions - Employee,Purchase,118.51,0.596,70.64
3/3/2023 0:00,Vanguard Total Intl Stock Index I,Employer Matching Account,Contributions - Employer,Purchase,118.51,0.298,35.32
3/3/2023 0:00,Vanguard Windsor II Admiral,Employee 401(k) Account,Contributions - Employee,Purchase,69.66,0.29,20.18
3/3/2023 0:00,Vanguard Windsor II Admiral,Employer Matching Account,Contributions - Employer,Purchase,69.66,0.145,10.09
2/17/2023 0:00,Cash,Employee 401(k) Account,Contributions - Employee,Cash Receipts,1,0,252.31
2/17/2023 0:00,Cash,Employer Matching Account,Contributions - Employer,Cash Receipts,1,0,126.15
2/17/2023 0:00,Fidelity Inflation-Prot Bd Index,Employee 401(k) Account,Contributions - Employee,Purchase,9.11,0.554,5.05
2/17/2023 0:00,Fidelity Inflation-Prot Bd Index,Employer Matching Account,Contributions - Employer,Purchase,9.11,0.277,2.52
2/17/2023 0:00,American Funds Europacific Growth R6,Employee 401(k) Account,Contributions - Employee,Purchase,52.76,0.861,45.42
2/17/2023 0:00,American Funds Europacific Growth R6,Employer Matching Account,Contributions - Employer,Purchase,52.76,0.43,22.71
2/17/2023 0:00,Vanguard Real Estate Index Institutional,Employee 401(k) Account,Contributions - Employee,Purchase,19.56,0.516,10.09
2/17/2023 0:00,Vanguard Real Estate Index Institutional,Employer Matching Account,Contributions - Employer,Purchase,19.56,0.258,5.05
2/17/2023 0:00,Vanguard Institutional Index I,Employee 401(k) Account,Contributions - Employee,Purchase,342.5,0.206,70.65
2/17/2023 0:00,Vanguard Institutional Index I,Employer Matching Account,Contributions - Employer,Purchase,342.5,0.103,35.32
2/17/2023 0:00,Vanguard Small Cap Index I,Employee 401(k) Account,Contributions - Employee,Purchase,97.16,0.312,30.28
2/17/2023 0:00,Vanguard Small Cap Index I,Employer Matching Account,Contributions - Employer,Purchase,97.16,0.156,15.14
2/17/2023 0:00,Vanguard Total Intl Stock Index I,Employee 401(k) Account,Contributions - Employee,Purchase,118.77,0.595,70.64
2/17/2023 0:00,Vanguard Total Intl Stock Index I,Employer Matching Account,Contributions - Employer,Purchase,118.77,0.297,35.32
2/17/2023 0:00,Vanguard Windsor II Admiral,Employee 401(k) Account,Contributions - Employee,Purchase,70.21,0.287,20.18
2/17/2023 0:00,Vanguard Windsor II Admiral,Employer Matching Account,Contributions - Employer,Purchase,70.21,0.144,10.09
2/3/2023 0:00,Cash,Employee 401(k) Account,Contributions - Employee,Cash Receipts,1,0,252.31
2/3/2023 0:00,Fidelity Inflation-Prot Bd Index,Employee 401(k) Account,Contributions - Employee,Purchase,9.18,0.55,5.05
2/3/2023 0:00,American Funds Europacific Growth R6,Employee 401(k) Account,Contributions - Employee,Purchase,53.83,0.844,45.42
2/3/2023 0:00,Vanguard Real Estate Index Institutional,Employee 401(k) Account,Contributions - Employee,Purchase,20.16,0.5,10.09
2/3/2023 0:00,Vanguard Institutional Index I,Employee 401(k) Account,Contributions - Employee,Purchase,346.88,0.204,70.65
2/3/2023 0:00,Vanguard Small Cap Index I,Employee 401(k) Account,Contributions - Employee,Purchase,99.09,0.306,30.28
2/3/2023 0:00,Vanguard Total Intl Stock Index I,Employee 401(k) Account,Contributions - Employee,Purchase,120.48,0.586,70.64
2/3/2023 0:00,Vanguard Windsor II Admiral,Employee 401(k) Account,Contributions - Employee,Purchase,71.17,0.284,20.18
1/31/2023 0:00,PIMCO Total Return Instl,Employee 401(k) Account,Interest Earned,Cash Receipts,8.73,0,0.01
1/31/2023 0:00,PIMCO Total Return Instl,Employee 401(k) Account,Interest Earned,Purchase,8.73,0.002,0.01
1/31/2023 0:00,Vanguard Total Bond Market Index I,Employee 401(k) Account,Interest Earned,Cash Receipts,9.76,0,0.03
1/31/2023 0:00,Vanguard Total Bond Market Index I,Employee 401(k) Account,Interest Earned,Purchase,9.76,0.003,0.03
1/20/2023 0:00,Cash,Employee 401(k) Account,Contributions - Employee,Cash Receipts,1,0,252.31
1/20/2023 0:00,Fidelity Inflation-Prot Bd Index,Employee 401(k) Account,Recordkeeping Fee,Sale,9.2,-0.024,-0.22
1/20/2023 0:00,Fidelity Inflation-Prot Bd Index,Employee 401(k) Account,Recordkeeping Fee,Cash Disbursement,9.2,0,-0.22
1/20/2023 0:00,Fidelity Inflation-Prot Bd Index,Employee 401(k) Account,Contributions - Employee,Purchase,9.2,0.549,5.05
1/20/2023 0:00,American Funds Europacific Growth R6,Employee 401(k) Account,Recordkeeping Fee,Sale,53.16,-0.037,-1.94
1/20/2023 0:00,American Funds Europacific Growth R6,Employee 401(k) Account,Recordkeeping Fee,Cash Disbursement,53.16,0,-1.94
1/20/2023 0:00,American Funds Europacific Growth R6,Employee 401(k) Account,Contributions - Employee,Purchase,53.16,0.854,45.42
1/20/2023 0:00,Vanguard Real Estate Index Institutional,Employee 401(k) Account,Recordkeeping Fee,Sale,19.24,-0.022,-0.43
1/20/2023 0:00,Vanguard Real Estate Index Institutional,Employee 401(k) Account,Recordkeeping Fee,Cash Disbursement,19.24,0,-0.43
1/20/2023 0:00,Vanguard Real Estate Index Institutional,Employee 401(k) Account,Contributions - Employee,Purchase,19.24,0.524,10.09
1/20/2023 0:00,Vanguard Institutional Index I,Employee 401(k) Account,Recordkeeping Fee,Sale,333.03,-0.009,-3
1/20/2023 0:00,Vanguard Institutional Index I,Employee 401(k) Account,Recordkeeping Fee,Cash Disbursement,333.03,0,-3
1/20/2023 0:00,Vanguard Institutional Index I,Employee 401(k) Account,Contributions - Employee,Purchase,333.03,0.212,70.65
1/20/2023 0:00,Vanguard Small Cap Index I,Employee 401(k) Account,Recordkeeping Fee,Sale,93.29,-0.014,-1.28
1/20/2023 0:00,Vanguard Small Cap Index I,Employee 401(k) Account,Recordkeeping Fee,Cash Disbursement,93.29,0,-1.28
1/20/2023 0:00,Vanguard Small Cap Index I,Employee 401(k) Account,Contributions - Employee,Purchase,93.29,0.325,30.28
1/20/2023 0:00,Vanguard Total Intl Stock Index I,Employee 401(k) Account,Recordkeeping Fee,Sale,120.24,-0.025,-3.02
1/20/2023 0:00,Vanguard Total Intl Stock Index I,Employee 401(k) Account,Recordkeeping Fee,Cash Disbursement,120.24,0,-3.02
1/20/2023 0:00,Vanguard Total Intl Stock Index I,Employee 401(k) Account,Contributions - Employee,Purchase,120.24,0.587,70.64
1/20/2023 0:00,Vanguard Windsor II Admiral,Employee 401(k) Account,Recordkeeping Fee,Sale,68.76,-0.012,-0.86
1/20/2023 0:00,Vanguard Windsor II Admiral,Employee 401(k) Account,Recordkeeping Fee,Cash Disbursement,68.76,0,-0.86
1/20/2023 0:00,Vanguard Windsor II Admiral,Employee 401(k) Account,Contributions - Employee,Purchase,68.76,0.293,20.18
1/19/2023 0:00,Fidelity Inflation-Prot Bd Index,Employee 401(k) Account,Transfers In/Out,Sale,9.24,-1.542,-14.25
1/19/2023 0:00,Fidelity Inflation-Prot Bd Index,Employee 401(k) Account,Transfers In/Out,Sale,9.24,-3.513,-32.46
1/19/2023 0:00,PIMCO Total Return Instl,Employee 401(k) Account,Transfers In/Out,Sale,8.75,-8.609,-75.33
1/19/2023 0:00,PIMCO Total Return Instl,Employee 401(k) Account,Transfers In/Out,Sale,8.75,-14.174,-124.02
1/19/2023 0:00,American Funds Europacific Growth R6,Employee 401(k) Account,Transfers In/Out,Purchase,52.51,4.675,245.46
1/19/2023 0:00,Vanguard Total Bond Market Index I,Employee 401(k) Account,Transfers In/Out,Sale,9.79,-10.888,-106.59
1/19/2023 0:00,Vanguard Total Bond Market Index I,Employee 401(k) Account,Transfers In/Out,Sale,9.79,-25.073,-245.46
1/19/2023 0:00,Vanguard Real Estate Index Institutional,Employee 401(k) Account,Transfers In/Out,Purchase,19.01,0.796,15.14
1/19/2023 0:00,Vanguard Institutional Index I,Employee 401(k) Account,Transfers In/Out,Purchase,326.84,0.379,124.02
1/19/2023 0:00,Vanguard Institutional Index I,Employee 401(k) Account,Transfers In/Out,Purchase,326.84,0.326,106.59
1/19/2023 0:00,Vanguard Mid Cap Index Institutional,Employee 401(k) Account,Transfers In/Out,Sale,57.22,-0.249,-14.25
1/19/2023 0:00,Vanguard Mid Cap Index Institutional,Employee 401(k) Account,Transfers In/Out,Sale,57.22,-1.079,-61.74
1/19/2023 0:00,Vanguard Small Cap Index I,Employee 401(k) Account,Transfers In/Out,Purchase,91.59,0.674,61.74
1/19/2023 0:00,Vanguard Small Cap Index I,Employee 401(k) Account,Transfers In/Out,Purchase,91.59,0.156,14.25
1/19/2023 0:00,Vanguard Total Intl Bd Idx Admiral,Employee 401(k) Account,Transfers In/Out,Sale,19.56,-0.774,-15.14
1/19/2023 0:00,Vanguard Total Intl Bd Idx Admiral,Employee 401(k) Account,Transfers In/Out,Sale,19.56,-0.804,-15.73
1/19/2023 0:00,Vanguard Total Intl Stock Index I,Employee 401(k) Account,Transfers In/Out,Purchase,118.99,0.132,15.73
1/19/2023 0:00,Vanguard Total Intl Stock Index I,Employee 401(k) Account,Transfers In/Out,Purchase,118.99,0.12,14.25
1/19/2023 0:00,Vanguard Windsor II Admiral,Employee 401(k) Account,Transfers In/Out,Purchase,67.55,0.481,32.46
1/19/2023 0:00,Vanguard Windsor II Admiral,Employee 401(k) Account,Transfers In/Out,Purchase,67.55,1.115,75.33
1/18/2023 0:00,Fidelity Inflation-Prot Bd Index,Employee 401(k) Account,Transfers In/Out,Purchase,9.2,3.028,27.86
1/18/2023 0:00,Fidelity Inflation-Prot Bd Index,Employee 401(k) Account,Transfers In/Out,Purchase,9.2,5.374,49.44
1/18/2023 0:00,PIMCO Total Return Instl,Employee 401(k) Account,Transfers In/Out,Purchase,8.77,17.688,155.12
1/18/2023 0:00,PIMCO Total Return Instl,Employee 401(k) Account,Transfers In/Out,Purchase,8.77,5.095,44.68
1/18/2023 0:00,American Funds Europacific Growth R6,Employee 401(k) Account,Transfers In/Out,Purchase,52.68,0.587,30.92
1/18/2023 0:00,Vanguard Total Bond Market Index I,Employee 401(k) Account,Transfers In/Out,Purchase,9.82,5.511,54.12
1/18/2023 0:00,Vanguard Total Bond Market Index I,Employee 401(k) Account,Transfers In/Out,Purchase,9.82,30.45,299.02
1/18/2023 0:00,Vanguard Real Estate Index Institutional,Employee 401(k) Account,Transfers In/Out,Purchase,19.11,2.429,46.41
1/18/2023 0:00,Vanguard Institutional Index I,Employee 401(k) Account,Transfers In/Out,Sale,329.32,-0.908,-299.02
1/18/2023 0:00,Vanguard Mid Cap Index Institutional,Employee 401(k) Account,Transfers In/Out,Sale,57.88,-0.37,-21.42
1/18/2023 0:00,Vanguard Mid Cap Index Institutional,Employee 401(k) Account,Transfers In/Out,Sale,57.88,-2.68,-155.12
1/18/2023 0:00,Vanguard Small Cap Index I,Employee 401(k) Account,Transfers In/Out,Purchase,92.65,0.936,86.7
1/18/2023 0:00,Vanguard Small Cap Index I,Employee 401(k) Account,Transfers In/Out,Purchase,92.65,0.231,21.42
1/18/2023 0:00,Vanguard Total Intl Bd Idx Admiral,Employee 401(k) Account,Transfers In/Out,Purchase,19.59,1.202,23.55
1/18/2023 0:00,Vanguard Total Intl Bd Idx Admiral,Employee 401(k) Account,Transfers In/Out,Purchase,19.59,0.376,7.37
1/18/2023 0:00,Vanguard Target Ret Tr 2050 II,Employee 401(k) Account,Transfers In/Out,Sale,46.63,-0.663,-30.92
1/18/2023 0:00,Vanguard Target Ret Tr 2050 II,Employee 401(k) Account,Transfers In/Out,Sale,46.63,-0.505,-23.55
1/18/2023 0:00,Vanguard Target Ret Tr 2055 II,Employee 401(k) Account,Transfers In/Out,Sale,62.46,-0.118,-7.37
1/18/2023 0:00,Vanguard Target Ret Tr 2055 II,Employee 401(k) Account,Transfers In/Out,Sale,62.46,-0.743,-46.41
1/18/2023 0:00,Vanguard Target Ret Tr 2055 II,Employee 401(k) Account,Transfers In/Out,Sale,62.46,-0.446,-27.86
1/18/2023 0:00,Vanguard Target Ret Tr 2060 II,Employee 401(k) Account,Transfers In/Out,Sale,49.29,-1.003,-49.44
1/18/2023 0:00,Vanguard Target Ret Tr 2060 II,Employee 401(k) Account,Transfers In/Out,Sale,49.29,-1.759,-86.7
1/18/2023 0:00,Vanguard Total Intl Stock Index I,Employee 401(k) Account,Transfers In/Out,Purchase,118.94,2.229,265.08
1/18/2023 0:00,Vanguard Windsor II Admiral,Employee 401(k) Account,Transfers In/Out,Sale,67.9,-0.658,-44.68
1/18/2023 0:00,Vanguard Windsor II Admiral,Employee 401(k) Account,Transfers In/Out,Sale,67.9,-3.904,-265.08
1/18/2023 0:00,Vanguard Windsor II Admiral,Employee 401(k) Account,Transfers In/Out,Sale,67.9,-0.797,-54.12
