"Transaction Date","Investment","Contribution","Description","Activity","Price","Units","Amount",
"1/19/2024 12:00:00 AM","Cash","Employee 401(k) Account","Contributions - Employee","Cash Receipts","1.000000","0.000000000","264.78",
"1/19/2024 12:00:00 AM","Cash","Employer Matching Account","Contributions - Employer","Cash Receipts","1.000000","0.000000000","132.39",
"1/19/2024 12:00:00 AM","Fidelity Inflation-Prot Bd Index","Employee 401(k) Account","Contributions - Employee","Purchase","9.010000","0.588000000","5.30",
"1/19/2024 12:00:00 AM","Fidelity Inflation-Prot Bd Index","Employer Matching Account","Contributions - Employer","Purchase","9.010000","0.294000000","2.65",
"1/19/2024 12:00:00 AM","American Funds Europacific Growth R6","Employee 401(k) Account","Contributions - Employee","Purchase","53.870000","0.885000000","47.66",
"1/19/2024 12:00:00 AM","American Funds Europacific Growth R6","Employer Matching Account","Contributions - Employer","Purchase","53.870000","0.442000000","23.83",
"1/19/2024 12:00:00 AM","Vanguard Real Estate Index Institutional","Employee 401(k) Account","Contributions - Employee","Purchase","18.730000","0.565000000","10.59",
"1/19/2024 12:00:00 AM","Vanguard Real Estate Index Institutional","Employer Matching Account","Contributions - Employer","Purchase","18.730000","0.283000000","5.30",
"1/19/2024 12:00:00 AM","Vanguard Institutional Index I","Employee 401(k) Account","Contributions - Employee","Purchase","399.510000","0.186000000","74.14",
"1/19/2024 12:00:00 AM","Vanguard Institutional Index I","Employer Matching Account","Contributions - Employer","Purchase","399.510000","0.093000000","37.07",
"1/19/2024 12:00:00 AM","Vanguard Small Cap Index I","Employee 401(k) Account","Contributions - Employee","Purchase","99.510000","0.319000000","31.77",
"1/19/2024 12:00:00 AM","Vanguard Small Cap Index I","Employer Matching Account","Contributions - Employer","Purchase","99.510000","0.160000000","15.89",
"1/19/2024 12:00:00 AM","Vanguard Total Intl Stock Index I","Employee 401(k) Account","Contributions - Employee","Purchase","121.130000","0.612000000","74.14",
"1/19/2024 12:00:00 AM","Vanguard Total Intl Stock Index I","Employer Matching Account","Contributions - Employer","Purchase","121.130000","0.306000000","37.06",
"1/19/2024 12:00:00 AM","Vanguard Windsor II Admiral","Employee 401(k) Account","Contributions - Employee","Purchase","76.020000","0.279000000","21.18",
"1/19/2024 12:00:00 AM","Vanguard Windsor II Admiral","Employer Matching Account","Contributions - Employer","Purchase","76.020000","0.139000000","10.59",
"1/5/2024 12:00:00 AM","Cash","Employee 401(k) Account","Contributions - Employee","Cash Receipts","1.000000","0.000000000","264.78",
"1/5/2024 12:00:00 AM","Cash","Employer Matching Account","Contributions - Employer","Cash Receipts","1.000000","0.000000000","132.39",
"1/5/2024 12:00:00 AM","Fidelity Inflation-Prot Bd Index","Employee 401(k) Account","Contributions - Employee","Purchase","8.990000","0.590000000","5.30",
"1/5/2024 12:00:00 AM","Fidelity Inflation-Prot Bd Index","Employer Matching Account","Contributions - Employer","Purchase","8.990000","0.295000000","2.65",
"1/5/2024 12:00:00 AM","Fidelity Inflation-Prot Bd Index","Employer Matching Account","Recordkeeping Fee","Sale","8.990000","-0.042000000","-0.38",
"1/5/2024 12:00:00 AM","Fidelity Inflation-Prot Bd Index","Employer Matching Account","Recordkeeping Fee","Cash Disbursement","8.990000","0.000000000","-0.38",
"1/5/2024 12:00:00 AM","American Funds Europacific Growth R6","Employee 401(k) Account","Contributions - Employee","Purchase","53.490000","0.891000000","47.66",
"1/5/2024 12:00:00 AM","American Funds Europacific Growth R6","Employer Matching Account","Contributions - Employer","Purchase","53.490000","0.445000000","23.83",
"1/5/2024 12:00:00 AM","Vanguard Real Estate Index Institutional","Employee 401(k) Account","Contributions - Employee","Purchase","18.990000","0.558000000","10.59",
"1/5/2024 12:00:00 AM","Vanguard Real Estate Index Institutional","Employer Matching Account","Contributions - Employer","Purchase","18.990000","0.279000000","5.30",
"1/5/2024 12:00:00 AM","Vanguard Real Estate Index Institutional","Employer Matching Account","Recordkeeping Fee","Sale","18.990000","-0.043000000","-0.81",
"1/5/2024 12:00:00 AM","Vanguard Real Estate Index Institutional","Employer Matching Account","Recordkeeping Fee","Cash Disbursement","18.990000","0.000000000","-0.81",
"1/5/2024 12:00:00 AM","Vanguard Institutional Index I","Employee 401(k) Account","Contributions - Employee","Purchase","387.570000","0.191000000","74.14",
"1/5/2024 12:00:00 AM","Vanguard Institutional Index I","Employer Matching Account","Contributions - Employer","Purchase","387.570000","0.096000000","37.07",
"1/5/2024 12:00:00 AM","Vanguard Small Cap Index I","Employee 401(k) Account","Contributions - Employee","Purchase","99.040000","0.321000000","31.77",
"1/5/2024 12:00:00 AM","Vanguard Small Cap Index I","Employer Matching Account","Contributions - Employer","Purchase","99.040000","0.160000000","15.89",
"1/5/2024 12:00:00 AM","Vanguard Small Cap Index I","Employer Matching Account","Recordkeeping Fee","Sale","99.040000","-0.024000000","-2.41",
"1/5/2024 12:00:00 AM","Vanguard Small Cap Index I","Employer Matching Account","Recordkeeping Fee","Cash Disbursement","99.040000","0.000000000","-2.41",
"1/5/2024 12:00:00 AM","Vanguard Total Intl Stock Index I","Employee 401(k) Account","Contributions - Employee","Purchase","122.480000","0.605000000","74.14",
"1/5/2024 12:00:00 AM","Vanguard Total Intl Stock Index I","Employer Matching Account","Contributions - Employer","Purchase","122.480000","0.303000000","37.06",
"1/5/2024 12:00:00 AM","Vanguard Total Intl Stock Index I","Employer Matching Account","Recordkeeping Fee","Sale","122.480000","-0.045000000","-5.52",
"1/5/2024 12:00:00 AM","Vanguard Total Intl Stock Index I","Employer Matching Account","Recordkeeping Fee","Cash Disbursement","122.480000","0.000000000","-5.52",
"1/5/2024 12:00:00 AM","Vanguard Windsor II Admiral","Employee 401(k) Account","Contributions - Employee","Purchase","75.320000","0.281000000","21.18",
"1/5/2024 12:00:00 AM","Vanguard Windsor II Admiral","Employer Matching Account","Contributions - Employer","Purchase","75.320000","0.141000000","10.59",
"1/5/2024 12:00:00 AM","Vanguard Windsor II Admiral","Employer Matching Account","Recordkeeping Fee","Sale","75.320000","-0.022000000","-1.63",
"1/5/2024 12:00:00 AM","Vanguard Windsor II Admiral","Employer Matching Account","Recordkeeping Fee","Cash Disbursement","75.320000","0.000000000","-1.63",
"12/29/2023 12:00:00 AM","Fidelity Inflation-Prot Bd Index","Employee 401(k) Account","Interest Earned","Cash Receipts","9.040000","0.000000000","0.05",
"12/29/2023 12:00:00 AM","Fidelity Inflation-Prot Bd Index","Employee 401(k) Account","Interest Earned","Purchase","9.040000","0.005000000","0.05",
"12/29/2023 12:00:00 AM","Fidelity Inflation-Prot Bd Index","Employer Matching Account","Interest Earned","Cash Receipts","9.040000","0.000000000","0.02",
"12/29/2023 12:00:00 AM","Fidelity Inflation-Prot Bd Index","Employer Matching Account","Interest Earned","Purchase","9.040000","0.002000000","0.02",
"12/27/2023 12:00:00 AM","Vanguard Institutional Index I","Employee 401(k) Account","Dividends/Capital Gains","Cash Receipts","394.390000","0.000000000","10.42",
"12/27/2023 12:00:00 AM","Vanguard Institutional Index I","Employee 401(k) Account","Dividends/Capital Gains","Purchase","394.390000","0.026000000","10.42",
"12/27/2023 12:00:00 AM","Vanguard Institutional Index I","Employee 401(k) Account","Dividends/Capital Gains","Cash Receipts","394.390000","0.000000000","29.52",
"12/27/2023 12:00:00 AM","Vanguard Institutional Index I","Employee 401(k) Account","Dividends/Capital Gains","Purchase","394.390000","0.075000000","29.52",
"12/27/2023 12:00:00 AM","Vanguard Institutional Index I","Employer Matching Account","Dividends/Capital Gains","Cash Receipts","394.390000","0.000000000","3.76",
"12/27/2023 12:00:00 AM","Vanguard Institutional Index I","Employer Matching Account","Dividends/Capital Gains","Purchase","394.390000","0.010000000","3.76",
"12/27/2023 12:00:00 AM","Vanguard Institutional Index I","Employer Matching Account","Dividends/Capital Gains","Cash Receipts","394.390000","0.000000000","10.65",
"12/27/2023 12:00:00 AM","Vanguard Institutional Index I","Employer Matching Account","Dividends/Capital Gains","Purchase","394.390000","0.027000000","10.65",
"12/22/2023 12:00:00 AM","Cash","Employee 401(k) Account","Contributions - Employee","Cash Receipts","1.000000","0.000000000","264.78",
"12/22/2023 12:00:00 AM","Cash","Employer Matching Account","Contributions - Employer","Cash Receipts","1.000000","0.000000000","132.39",
"12/22/2023 12:00:00 AM","Fidelity Inflation-Prot Bd Index","Employee 401(k) Account","Contributions - Employee","Purchase","9.050000","0.586000000","5.30",
"12/22/2023 12:00:00 AM","Fidelity Inflation-Prot Bd Index","Employer Matching Account","Contributions - Employer","Purchase","9.050000","0.293000000","2.65",
"12/22/2023 12:00:00 AM","American Funds Europacific Growth R6","Employee 401(k) Account","Contributions - Employee","Purchase","54.070000","0.881000000","47.66",
"12/22/2023 12:00:00 AM","American Funds Europacific Growth R6","Employer Matching Account","Contributions - Employer","Purchase","54.070000","0.441000000","23.83",
"12/22/2023 12:00:00 AM","Vanguard Real Estate Index Institutional","Employee 401(k) Account","Contributions - Employee","Purchase","19.230000","0.551000000","10.59",
"12/22/2023 12:00:00 AM","Vanguard Real Estate Index Institutional","Employer Matching Account","Contributions - Employer","Purchase","19.230000","0.276000000","5.30",
"12/22/2023 12:00:00 AM","Vanguard Institutional Index I","Employee 401(k) Account","Contributions - Employee","Purchase","398.340000","0.186000000","74.14",
"12/22/2023 12:00:00 AM","Vanguard Institutional Index I","Employer Matching Account","Contributions - Employer","Purchase","398.340000","0.093000000","37.07",
"12/22/2023 12:00:00 AM","Vanguard Small Cap Index I","Employee 401(k) Account","Contributions - Employee","Purchase","102.330000","0.310000000","31.77",
"12/22/2023 12:00:00 AM","Vanguard Small Cap Index I","Employer Matching Account","Contributions - Employer","Purchase","102.330000","0.155000000","15.89",
"12/22/2023 12:00:00 AM","Vanguard Total Intl Stock Index I","Employee 401(k) Account","Contributions - Employee","Purchase","122.710000","0.604000000","74.14",
"12/22/2023 12:00:00 AM","Vanguard Total Intl Stock Index I","Employer Matching Account","Contributions - Employer","Purchase","122.710000","0.302000000","37.06",
"12/22/2023 12:00:00 AM","Vanguard Windsor II Admiral","Employee 401(k) Account","Contributions - Employee","Purchase","75.710000","0.280000000","21.18",
"12/22/2023 12:00:00 AM","Vanguard Windsor II Admiral","Employer Matching Account","Contributions - Employer","Purchase","75.710000","0.140000000","10.59",
"12/21/2023 12:00:00 AM","Fidelity Inflation-Prot Bd Index","Employee 401(k) Account","Dividends/Capital Gains","Cash Receipts","9.060000","0.000000000","5.17",
"12/21/2023 12:00:00 AM","Fidelity Inflation-Prot Bd Index","Employee 401(k) Account","Dividends/Capital Gains","Purchase","9.060000","0.571000000","5.17",
"12/21/2023 12:00:00 AM","Fidelity Inflation-Prot Bd Index","Employer Matching Account","Dividends/Capital Gains","Cash Receipts","9.060000","0.000000000","1.88",
"12/21/2023 12:00:00 AM","Fidelity Inflation-Prot Bd Index","Employer Matching Account","Dividends/Capital Gains","Purchase","9.060000","0.207000000","1.88",
"12/20/2023 12:00:00 AM","Vanguard Real Estate Index Institutional","Employee 401(k) Account","Dividends/Capital Gains","Cash Receipts","18.980000","0.000000000","4.07",
"12/20/2023 12:00:00 AM","Vanguard Real Estate Index Institutional","Employee 401(k) Account","Dividends/Capital Gains","Purchase","18.980000","0.215000000","4.07",
"12/20/2023 12:00:00 AM","Vanguard Real Estate Index Institutional","Employer Matching Account","Dividends/Capital Gains","Cash Receipts","18.980000","0.000000000","1.50",
"12/20/2023 12:00:00 AM","Vanguard Real Estate Index Institutional","Employer Matching Account","Dividends/Capital Gains","Purchase","18.980000","0.079000000","1.50",
"12/20/2023 12:00:00 AM","Vanguard Small Cap Index I","Employee 401(k) Account","Dividends/Capital Gains","Cash Receipts","100.160000","0.000000000","5.23",
"12/20/2023 12:00:00 AM","Vanguard Small Cap Index I","Employee 401(k) Account","Dividends/Capital Gains","Purchase","100.160000","0.052000000","5.23",
"12/20/2023 12:00:00 AM","Vanguard Small Cap Index I","Employer Matching Account","Dividends/Capital Gains","Cash Receipts","100.160000","0.000000000","1.90",
"12/20/2023 12:00:00 AM","Vanguard Small Cap Index I","Employer Matching Account","Dividends/Capital Gains","Purchase","100.160000","0.019000000","1.90",
"12/19/2023 12:00:00 AM","Vanguard Windsor II Admiral","Employee 401(k) Account","Dividends/Capital Gains","Cash Receipts","75.590000","0.000000000","17.76",
"12/19/2023 12:00:00 AM","Vanguard Windsor II Admiral","Employee 401(k) Account","Dividends/Capital Gains","Purchase","75.590000","0.235000000","17.76",
"12/19/2023 12:00:00 AM","Vanguard Windsor II Admiral","Employee 401(k) Account","Dividends/Capital Gains","Cash Receipts","75.590000","0.000000000","6.23",
"12/19/2023 12:00:00 AM","Vanguard Windsor II Admiral","Employee 401(k) Account","Dividends/Capital Gains","Purchase","75.590000","0.082000000","6.23",
"12/19/2023 12:00:00 AM","Vanguard Windsor II Admiral","Employee 401(k) Account","Dividends/Capital Gains","Cash Receipts","75.590000","0.000000000","5.46",
"12/19/2023 12:00:00 AM","Vanguard Windsor II Admiral","Employee 401(k) Account","Dividends/Capital Gains","Purchase","75.590000","0.072000000","5.46",
"12/19/2023 12:00:00 AM","Vanguard Windsor II Admiral","Employer Matching Account","Dividends/Capital Gains","Cash Receipts","75.590000","0.000000000","6.35",
"12/19/2023 12:00:00 AM","Vanguard Windsor II Admiral","Employer Matching Account","Dividends/Capital Gains","Purchase","75.590000","0.084000000","6.35",
"12/19/2023 12:00:00 AM","Vanguard Windsor II Admiral","Employer Matching Account","Dividends/Capital Gains","Cash Receipts","75.590000","0.000000000","2.23",
"12/19/2023 12:00:00 AM","Vanguard Windsor II Admiral","Employer Matching Account","Dividends/Capital Gains","Purchase","75.590000","0.029000000","2.23",
"12/19/2023 12:00:00 AM","Vanguard Windsor II Admiral","Employer Matching Account","Dividends/Capital Gains","Cash Receipts","75.590000","0.000000000","1.95",
"12/19/2023 12:00:00 AM","Vanguard Windsor II Admiral","Employer Matching Account","Dividends/Capital Gains","Purchase","75.590000","0.026000000","1.95",
"12/15/2023 12:00:00 AM","Vanguard Total Intl Stock Index I","Employee 401(k) Account","Dividends/Capital Gains","Cash Receipts","121.250000","0.000000000","33.57",
"12/15/2023 12:00:00 AM","Vanguard Total Intl Stock Index I","Employee 401(k) Account","Dividends/Capital Gains","Purchase","121.250000","0.277000000","33.57",
"12/15/2023 12:00:00 AM","Vanguard Total Intl Stock Index I","Employer Matching Account","Dividends/Capital Gains","Cash Receipts","121.250000","0.000000000","12.19",
"12/15/2023 12:00:00 AM","Vanguard Total Intl Stock Index I","Employer Matching Account","Dividends/Capital Gains","Purchase","121.250000","0.101000000","12.19",
"12/14/2023 12:00:00 AM","American Funds Europacific Growth R6","Employee 401(k) Account","Dividends/Capital Gains","Cash Receipts","53.760000","0.000000000","27.76",
"12/14/2023 12:00:00 AM","American Funds Europacific Growth R6","Employee 401(k) Account","Dividends/Capital Gains","Purchase","53.760000","0.516000000","27.76",
"12/14/2023 12:00:00 AM","American Funds Europacific Growth R6","Employee 401(k) Account","Dividends/Capital Gains","Cash Receipts","53.760000","0.000000000","23.48",
"12/14/2023 12:00:00 AM","American Funds Europacific Growth R6","Employee 401(k) Account","Dividends/Capital Gains","Purchase","53.760000","0.437000000","23.48",
"12/14/2023 12:00:00 AM","American Funds Europacific Growth R6","Employer Matching Account","Dividends/Capital Gains","Cash Receipts","53.760000","0.000000000","10.13",
"12/14/2023 12:00:00 AM","American Funds Europacific Growth R6","Employer Matching Account","Dividends/Capital Gains","Purchase","53.760000","0.188000000","10.13",
"12/14/2023 12:00:00 AM","American Funds Europacific Growth R6","Employer Matching Account","Dividends/Capital Gains","Cash Receipts","53.760000","0.000000000","8.57",
"12/14/2023 12:00:00 AM","American Funds Europacific Growth R6","Employer Matching Account","Dividends/Capital Gains","Purchase","53.760000","0.159000000","8.57",
"12/8/2023 12:00:00 AM","Cash","Employee 401(k) Account","Contributions - Employee","Cash Receipts","1.000000","0.000000000","264.78",
"12/8/2023 12:00:00 AM","Cash","Employer Matching Account","Contributions - Employer","Cash Receipts","1.000000","0.000000000","132.39",
"12/8/2023 12:00:00 AM","Fidelity Inflation-Prot Bd Index","Employee 401(k) Account","Contributions - Employee","Purchase","9.180000","0.577000000","5.30",
"12/8/2023 12:00:00 AM","Fidelity Inflation-Prot Bd Index","Employer Matching Account","Contributions - Employer","Purchase","9.180000","0.289000000","2.65",
"12/8/2023 12:00:00 AM","American Funds Europacific Growth R6","Employee 401(k) Account","Contributions - Employee","Purchase","54.080000","0.881000000","47.66",
"12/8/2023 12:00:00 AM","American Funds Europacific Growth R6","Employer Matching Account","Contributions - Employer","Purchase","54.080000","0.441000000","23.83",
"12/8/2023 12:00:00 AM","Vanguard Real Estate Index Institutional","Employee 401(k) Account","Contributions - Employee","Purchase","18.340000","0.577000000","10.59",
"12/8/2023 12:00:00 AM","Vanguard Real Estate Index Institutional","Employer Matching Account","Contributions - Employer","Purchase","18.340000","0.289000000","5.30",
"12/8/2023 12:00:00 AM","Vanguard Institutional Index I","Employee 401(k) Account","Contributions - Employee","Purchase","385.550000","0.192000000","74.14",
"12/8/2023 12:00:00 AM","Vanguard Institutional Index I","Employer Matching Account","Contributions - Employer","Purchase","385.550000","0.096000000","37.07",
"12/8/2023 12:00:00 AM","Vanguard Small Cap Index I","Employee 401(k) Account","Contributions - Employee","Purchase","96.120000","0.331000000","31.77",
"12/8/2023 12:00:00 AM","Vanguard Small Cap Index I","Employer Matching Account","Contributions - Employer","Purchase","96.120000","0.165000000","15.89",
"12/8/2023 12:00:00 AM","Vanguard Total Intl Stock Index I","Employee 401(k) Account","Contributions - Employee","Purchase","120.670000","0.614000000","74.14",
"12/8/2023 12:00:00 AM","Vanguard Total Intl Stock Index I","Employer Matching Account","Contributions - Employer","Purchase","120.670000","0.307000000","37.06",
"12/8/2023 12:00:00 AM","Vanguard Windsor II Admiral","Employee 401(k) Account","Contributions - Employee","Purchase","76.090000","0.278000000","21.18",
"12/8/2023 12:00:00 AM","Vanguard Windsor II Admiral","Employer Matching Account","Contributions - Employer","Purchase","76.090000","0.139000000","10.59",
"11/30/2023 12:00:00 AM","Fidelity Inflation-Prot Bd Index","Employee 401(k) Account","Interest Earned","Cash Receipts","9.120000","0.000000000","0.04",
"11/30/2023 12:00:00 AM","Fidelity Inflation-Prot Bd Index","Employee 401(k) Account","Interest Earned","Purchase","9.120000","0.004000000","0.04",
"11/30/2023 12:00:00 AM","Fidelity Inflation-Prot Bd Index","Employer Matching Account","Interest Earned","Cash Receipts","9.120000","0.000000000","0.01",
"11/30/2023 12:00:00 AM","Fidelity Inflation-Prot Bd Index","Employer Matching Account","Interest Earned","Purchase","9.120000","0.002000000","0.01",
"11/24/2023 12:00:00 AM","Cash","Employee 401(k) Account","Contributions - Employee","Cash Receipts","1.000000","0.000000000","264.78",
"11/24/2023 12:00:00 AM","Cash","Employer Matching Account","Contributions - Employer","Cash Receipts","1.000000","0.000000000","132.39",
"11/24/2023 12:00:00 AM","Fidelity Inflation-Prot Bd Index","Employee 401(k) Account","Contributions - Employee","Purchase","9.050000","0.586000000","5.30",
"11/24/2023 12:00:00 AM","Fidelity Inflation-Prot Bd Index","Employer Matching Account","Contributions - Employer","Purchase","9.050000","0.293000000","2.65",
"11/24/2023 12:00:00 AM","American Funds Europacific Growth R6","Employee 401(k) Account","Contributions - Employee","Purchase","54.060000","0.882000000","47.66",
"11/24/2023 12:00:00 AM","American Funds Europacific Growth R6","Employer Matching Account","Contributions - Employer","Purchase","54.060000","0.441000000","23.83",
"11/24/2023 12:00:00 AM","Vanguard Real Estate Index Institutional","Employee 401(k) Account","Contributions - Employee","Purchase","17.510000","0.605000000","10.59",
"11/24/2023 12:00:00 AM","Vanguard Real Estate Index Institutional","Employer Matching Account","Contributions - Employer","Purchase","17.510000","0.303000000","5.30",
"11/24/2023 12:00:00 AM","Vanguard Institutional Index I","Employee 401(k) Account","Contributions - Employee","Purchase","381.460000","0.194000000","74.14",
"11/24/2023 12:00:00 AM","Vanguard Institutional Index I","Employer Matching Account","Contributions - Employer","Purchase","381.460000","0.097000000","37.07",
"11/24/2023 12:00:00 AM","Vanguard Small Cap Index I","Employee 401(k) Account","Contributions - Employee","Purchase","92.580000","0.343000000","31.77",
"11/24/2023 12:00:00 AM","Vanguard Small Cap Index I","Employer Matching Account","Contributions - Employer","Purchase","92.580000","0.172000000","15.89",
"11/24/2023 12:00:00 AM","Vanguard Total Intl Stock Index I","Employee 401(k) Account","Contributions - Employee","Purchase","120.000000","0.618000000","74.14",
"11/24/2023 12:00:00 AM","Vanguard Total Intl Stock Index I","Employer Matching Account","Contributions - Employer","Purchase","120.000000","0.309000000","37.06",
"11/24/2023 12:00:00 AM","Vanguard Windsor II Admiral","Employee 401(k) Account","Contributions - Employee","Purchase","74.980000","0.282000000","21.18",
"11/24/2023 12:00:00 AM","Vanguard Windsor II Admiral","Employer Matching Account","Contributions - Employer","Purchase","74.980000","0.141000000","10.59",
"11/10/2023 12:00:00 AM","Cash","Employee 401(k) Account","Contributions - Employee","Cash Receipts","1.000000","0.000000000","264.78",
"11/10/2023 12:00:00 AM","Cash","Employer Matching Account","Contributions - Employer","Cash Receipts","1.000000","0.000000000","132.39",
"11/10/2023 12:00:00 AM","Fidelity Inflation-Prot Bd Index","Employee 401(k) Account","Contributions - Employee","Purchase","9.000000","0.589000000","5.30",
"11/10/2023 12:00:00 AM","Fidelity Inflation-Prot Bd Index","Employer Matching Account","Contributions - Employer","Purchase","9.000000","0.294000000","2.65",
"11/10/2023 12:00:00 AM","American Funds Europacific Growth R6","Employee 401(k) Account","Contributions - Employee","Purchase","51.780000","0.920000000","47.66",
"11/10/2023 12:00:00 AM","American Funds Europacific Growth R6","Employer Matching Account","Contributions - Employer","Purchase","51.780000","0.460000000","23.83",
"11/10/2023 12:00:00 AM","Vanguard Real Estate Index Institutional","Employee 401(k) Account","Contributions - Employee","Purchase","16.590000","0.638000000","10.59",
"11/10/2023 12:00:00 AM","Vanguard Real Estate Index Institutional","Employer Matching Account","Contributions - Employer","Purchase","16.590000","0.320000000","5.30",
"11/10/2023 12:00:00 AM","Vanguard Institutional Index I","Employee 401(k) Account","Contributions - Employee","Purchase","369.070000","0.201000000","74.14",
"11/10/2023 12:00:00 AM","Vanguard Institutional Index I","Employer Matching Account","Contributions - Employer","Purchase","369.070000","0.100000000","37.07",
"11/10/2023 12:00:00 AM","Vanguard Small Cap Index I","Employee 401(k) Account","Contributions - Employee","Purchase","87.870000","0.362000000","31.77",
"11/10/2023 12:00:00 AM","Vanguard Small Cap Index I","Employer Matching Account","Contributions - Employer","Purchase","87.870000","0.181000000","15.89",
"11/10/2023 12:00:00 AM","Vanguard Total Intl Stock Index I","Employee 401(k) Account","Contributions - Employee","Purchase","115.080000","0.644000000","74.14",
"11/10/2023 12:00:00 AM","Vanguard Total Intl Stock Index I","Employer Matching Account","Contributions - Employer","Purchase","115.080000","0.322000000","37.06",
"11/10/2023 12:00:00 AM","Vanguard Windsor II Admiral","Employee 401(k) Account","Contributions - Employee","Purchase","72.330000","0.293000000","21.18",
"11/10/2023 12:00:00 AM","Vanguard Windsor II Admiral","Employer Matching Account","Contributions - Employer","Purchase","72.330000","0.146000000","10.59",
"10/31/2023 12:00:00 AM","Fidelity Inflation-Prot Bd Index","Employee 401(k) Account","Interest Earned","Cash Receipts","8.890000","0.000000000","0.03",
"10/31/2023 12:00:00 AM","Fidelity Inflation-Prot Bd Index","Employee 401(k) Account","Interest Earned","Purchase","8.890000","0.003000000","0.03",
"10/31/2023 12:00:00 AM","Fidelity Inflation-Prot Bd Index","Employer Matching Account","Interest Earned","Cash Receipts","8.890000","0.000000000","0.01",
"10/31/2023 12:00:00 AM","Fidelity Inflation-Prot Bd Index","Employer Matching Account","Interest Earned","Purchase","8.890000","0.001000000","0.01",
"10/27/2023 12:00:00 AM","Cash","Employee 401(k) Account","Contributions - Employee","Cash Receipts","1.000000","0.000000000","264.78",
"10/27/2023 12:00:00 AM","Cash","Employer Matching Account","Contributions - Employer","Cash Receipts","1.000000","0.000000000","132.39",
"10/27/2023 12:00:00 AM","Fidelity Inflation-Prot Bd Index","Employee 401(k) Account","Contributions - Employee","Purchase","8.920000","0.594000000","5.30",
"10/27/2023 12:00:00 AM","Fidelity Inflation-Prot Bd Index","Employer Matching Account","Contributions - Employer","Purchase","8.920000","0.297000000","2.65",
"10/27/2023 12:00:00 AM","American Funds Europacific Growth R6","Employee 401(k) Account","Contributions - Employee","Purchase","49.310000","0.967000000","47.66",
"10/27/2023 12:00:00 AM","American Funds Europacific Growth R6","Employer Matching Account","Contributions - Employer","Purchase","49.310000","0.483000000","23.83",
"10/27/2023 12:00:00 AM","Vanguard Real Estate Index Institutional","Employee 401(k) Account","Contributions - Employee","Purchase","15.630000","0.678000000","10.59",
"10/27/2023 12:00:00 AM","Vanguard Real Estate Index Institutional","Employer Matching Account","Contributions - Employer","Purchase","15.630000","0.339000000","5.30",
"10/27/2023 12:00:00 AM","Vanguard Institutional Index I","Employee 401(k) Account","Contributions - Employee","Purchase","343.930000","0.216000000","74.14",
"10/27/2023 12:00:00 AM","Vanguard Institutional Index I","Employer Matching Account","Contributions - Employer","Purchase","343.930000","0.108000000","37.07",
"10/27/2023 12:00:00 AM","Vanguard Small Cap Index I","Employee 401(k) Account","Contributions - Employee","Purchase","83.960000","0.378000000","31.77",
"10/27/2023 12:00:00 AM","Vanguard Small Cap Index I","Employer Matching Account","Contributions - Employer","Purchase","83.960000","0.189000000","15.89",
"10/27/2023 12:00:00 AM","Vanguard Total Intl Stock Index I","Employee 401(k) Account","Contributions - Employee","Purchase","109.750000","0.676000000","74.14",
"10/27/2023 12:00:00 AM","Vanguard Total Intl Stock Index I","Employer Matching Account","Contributions - Employer","Purchase","109.750000","0.338000000","37.06",
"10/27/2023 12:00:00 AM","Vanguard Windsor II Admiral","Employee 401(k) Account","Contributions - Employee","Purchase","68.270000","0.310000000","21.18",
"10/27/2023 12:00:00 AM","Vanguard Windsor II Admiral","Employer Matching Account","Contributions - Employer","Purchase","68.270000","0.155000000","10.59",
"10/13/2023 12:00:00 AM","Cash","Employee 401(k) Account","Contributions - Employee","Cash Receipts","1.000000","0.000000000","264.78",
"10/13/2023 12:00:00 AM","Cash","Employer Matching Account","Contributions - Employer","Cash Receipts","1.000000","0.000000000","132.39",
"10/13/2023 12:00:00 AM","Fidelity Inflation-Prot Bd Index","Employee 401(k) Account","Contributions - Employee","Purchase","8.960000","0.591000000","5.30",
"10/13/2023 12:00:00 AM","Fidelity Inflation-Prot Bd Index","Employer Matching Account","Contributions - Employer","Purchase","8.960000","0.296000000","2.65",
"10/13/2023 12:00:00 AM","American Funds Europacific Growth R6","Employee 401(k) Account","Contributions - Employee","Purchase","51.360000","0.928000000","47.66",
"10/13/2023 12:00:00 AM","American Funds Europacific Growth R6","Employer Matching Account","Contributions - Employer","Purchase","51.360000","0.464000000","23.83",
"10/13/2023 12:00:00 AM","Vanguard Real Estate Index Institutional","Employee 401(k) Account","Contributions - Employee","Purchase","16.560000","0.639000000","10.59",
"10/13/2023 12:00:00 AM","Vanguard Real Estate Index Institutional","Employer Matching Account","Contributions - Employer","Purchase","16.560000","0.320000000","5.30",
"10/13/2023 12:00:00 AM","Vanguard Institutional Index I","Employee 401(k) Account","Contributions - Employee","Purchase","361.440000","0.205000000","74.14",
"10/13/2023 12:00:00 AM","Vanguard Institutional Index I","Employer Matching Account","Contributions - Employer","Purchase","361.440000","0.103000000","37.07",
"10/13/2023 12:00:00 AM","Vanguard Small Cap Index I","Employee 401(k) Account","Contributions - Employee","Purchase","88.240000","0.360000000","31.77",
"10/13/2023 12:00:00 AM","Vanguard Small Cap Index I","Employer Matching Account","Contributions - Employer","Purchase","88.240000","0.180000000","15.89",
"10/13/2023 12:00:00 AM","Vanguard Total Intl Stock Index I","Employee 401(k) Account","Contributions - Employee","Purchase","114.040000","0.650000000","74.14",
"10/13/2023 12:00:00 AM","Vanguard Total Intl Stock Index I","Employer Matching Account","Contributions - Employer","Purchase","114.040000","0.325000000","37.06",
"10/13/2023 12:00:00 AM","Vanguard Windsor II Admiral","Employee 401(k) Account","Contributions - Employee","Purchase","71.340000","0.297000000","21.18",
"10/13/2023 12:00:00 AM","Vanguard Windsor II Admiral","Employer Matching Account","Contributions - Employer","Purchase","71.340000","0.148000000","10.59",
"10/5/2023 12:00:00 AM","Fidelity Inflation-Prot Bd Index","Employer Matching Account","Recordkeeping Fee","Sale","8.860000","-0.045000000","-0.40",
"10/5/2023 12:00:00 AM","Fidelity Inflation-Prot Bd Index","Employer Matching Account","Recordkeeping Fee","Cash Disbursement","8.860000","0.000000000","-0.40",
"10/5/2023 12:00:00 AM","Vanguard Real Estate Index Institutional","Employer Matching Account","Recordkeeping Fee","Sale","16.260000","-0.047000000","-0.76",
"10/5/2023 12:00:00 AM","Vanguard Real Estate Index Institutional","Employer Matching Account","Recordkeeping Fee","Cash Disbursement","16.260000","0.000000000","-0.76",
"10/5/2023 12:00:00 AM","Vanguard Small Cap Index I","Employer Matching Account","Recordkeeping Fee","Sale","88.110000","-0.027000000","-2.39",
"10/5/2023 12:00:00 AM","Vanguard Small Cap Index I","Employer Matching Account","Recordkeeping Fee","Cash Disbursement","88.110000","0.000000000","-2.39",
"10/5/2023 12:00:00 AM","Vanguard Total Intl Stock Index I","Employer Matching Account","Recordkeeping Fee","Sale","112.770000","-0.049000000","-5.55",
"10/5/2023 12:00:00 AM","Vanguard Total Intl Stock Index I","Employer Matching Account","Recordkeeping Fee","Cash Disbursement","112.770000","0.000000000","-5.55",
"10/5/2023 12:00:00 AM","Vanguard Windsor II Admiral","Employer Matching Account","Recordkeeping Fee","Sale","70.100000","-0.024000000","-1.65",
"10/5/2023 12:00:00 AM","Vanguard Windsor II Admiral","Employer Matching Account","Recordkeeping Fee","Cash Disbursement","70.100000","0.000000000","-1.65",
"9/29/2023 12:00:00 AM","Cash","Employee 401(k) Account","Contributions - Employee","Cash Receipts","1.000000","0.000000000","264.78",
"9/29/2023 12:00:00 AM","Cash","Employer Matching Account","Contributions - Employer","Cash Receipts","1.000000","0.000000000","132.39",
"9/29/2023 12:00:00 AM","Fidelity Inflation-Prot Bd Index","Employee 401(k) Account","Contributions - Employee","Purchase","8.950000","0.592000000","5.30",
"9/29/2023 12:00:00 AM","Fidelity Inflation-Prot Bd Index","Employee 401(k) Account","Interest Earned","Cash Receipts","8.950000","0.000000000","0.02",
"9/29/2023 12:00:00 AM","Fidelity Inflation-Prot Bd Index","Employee 401(k) Account","Interest Earned","Purchase","8.950000","0.002000000","0.02",
"9/29/2023 12:00:00 AM","Fidelity Inflation-Prot Bd Index","Employer Matching Account","Contributions - Employer","Purchase","8.950000","0.296000000","2.65",
"9/29/2023 12:00:00 AM","Fidelity Inflation-Prot Bd Index","Employer Matching Account","Interest Earned","Cash Receipts","8.950000","0.000000000","0.01",
"9/29/2023 12:00:00 AM","Fidelity Inflation-Prot Bd Index","Employer Matching Account","Interest Earned","Purchase","8.950000","0.001000000","0.01",
"9/29/2023 12:00:00 AM","American Funds Europacific Growth R6","Employee 401(k) Account","Contributions - Employee","Purchase","51.360000","0.928000000","47.66",
"9/29/2023 12:00:00 AM","American Funds Europacific Growth R6","Employer Matching Account","Contributions - Employer","Purchase","51.360000","0.464000000","23.83",
"9/29/2023 12:00:00 AM","Vanguard Real Estate Index Institutional","Employee 401(k) Account","Contributions - Employee","Purchase","16.600000","0.638000000","10.59",
"9/29/2023 12:00:00 AM","Vanguard Real Estate Index Institutional","Employer Matching Account","Contributions - Employer","Purchase","16.600000","0.319000000","5.30",
"9/29/2023 12:00:00 AM","Vanguard Institutional Index I","Employee 401(k) Account","Contributions - Employee","Purchase","357.910000","0.207000000","74.14",
"9/29/2023 12:00:00 AM","Vanguard Institutional Index I","Employer Matching Account","Contributions - Employer","Purchase","357.910000","0.104000000","37.07",
"9/29/2023 12:00:00 AM","Vanguard Small Cap Index I","Employee 401(k) Account","Contributions - Employee","Purchase","90.570000","0.351000000","31.77",
"9/29/2023 12:00:00 AM","Vanguard Small Cap Index I","Employer Matching Account","Contributions - Employer","Purchase","90.570000","0.175000000","15.89",
"9/29/2023 12:00:00 AM","Vanguard Total Intl Stock Index I","Employee 401(k) Account","Contributions - Employee","Purchase","114.910000","0.645000000","74.14",
"9/29/2023 12:00:00 AM","Vanguard Total Intl Stock Index I","Employer Matching Account","Contributions - Employer","Purchase","114.910000","0.323000000","37.06",
"9/29/2023 12:00:00 AM","Vanguard Windsor II Admiral","Employee 401(k) Account","Contributions - Employee","Purchase","71.080000","0.298000000","21.18",
"9/29/2023 12:00:00 AM","Vanguard Windsor II Admiral","Employer Matching Account","Contributions - Employer","Purchase","71.080000","0.149000000","10.59",
"9/27/2023 12:00:00 AM","Vanguard Real Estate Index Institutional","Employee 401(k) Account","Dividends/Capital Gains","Cash Receipts","16.380000","0.000000000","2.15",
"9/27/2023 12:00:00 AM","Vanguard Real Estate Index Institutional","Employee 401(k) Account","Dividends/Capital Gains","Purchase","16.380000","0.131000000","2.15",
"9/27/2023 12:00:00 AM","Vanguard Real Estate Index Institutional","Employer Matching Account","Dividends/Capital Gains","Cash Receipts","16.380000","0.000000000","0.72",
"9/27/2023 12:00:00 AM","Vanguard Real Estate Index Institutional","Employer Matching Account","Dividends/Capital Gains","Purchase","16.380000","0.044000000","0.72",
"9/27/2023 12:00:00 AM","Vanguard Institutional Index I","Employee 401(k) Account","Dividends/Capital Gains","Cash Receipts","356.720000","0.000000000","6.71",
"9/27/2023 12:00:00 AM","Vanguard Institutional Index I","Employee 401(k) Account","Dividends/Capital Gains","Purchase","356.720000","0.019000000","6.71",
"9/27/2023 12:00:00 AM","Vanguard Institutional Index I","Employer Matching Account","Dividends/Capital Gains","Cash Receipts","356.720000","0.000000000","2.16",
"9/27/2023 12:00:00 AM","Vanguard Institutional Index I","Employer Matching Account","Dividends/Capital Gains","Purchase","356.720000","0.006000000","2.16",
"9/20/2023 12:00:00 AM","Vanguard Small Cap Index I","Employee 401(k) Account","Dividends/Capital Gains","Cash Receipts","92.140000","0.000000000","2.82",
"9/20/2023 12:00:00 AM","Vanguard Small Cap Index I","Employee 401(k) Account","Dividends/Capital Gains","Purchase","92.140000","0.031000000","2.82",
"9/20/2023 12:00:00 AM","Vanguard Small Cap Index I","Employer Matching Account","Dividends/Capital Gains","Cash Receipts","92.140000","0.000000000","0.93",
"9/20/2023 12:00:00 AM","Vanguard Small Cap Index I","Employer Matching Account","Dividends/Capital Gains","Purchase","92.140000","0.010000000","0.93",
"9/15/2023 12:00:00 AM","Cash","Employee 401(k) Account","Contributions - Employee","Cash Receipts","1.000000","0.000000000","264.78",
"9/15/2023 12:00:00 AM","Cash","Employer Matching Account","Contributions - Employer","Cash Receipts","1.000000","0.000000000","132.39",
"9/15/2023 12:00:00 AM","Fidelity Inflation-Prot Bd Index","Employee 401(k) Account","Contributions - Employee","Purchase","9.080000","0.584000000","5.30",
"9/15/2023 12:00:00 AM","Fidelity Inflation-Prot Bd Index","Employer Matching Account","Contributions - Employer","Purchase","9.080000","0.292000000","2.65",
"9/15/2023 12:00:00 AM","American Funds Europacific Growth R6","Employee 401(k) Account","Contributions - Employee","Purchase","53.410000","0.892000000","47.66",
"9/15/2023 12:00:00 AM","American Funds Europacific Growth R6","Employer Matching Account","Contributions - Employer","Purchase","53.410000","0.446000000","23.83",
"9/15/2023 12:00:00 AM","Vanguard Real Estate Index Institutional","Employee 401(k) Account","Contributions - Employee","Purchase","17.940000","0.590000000","10.59",
"9/15/2023 12:00:00 AM","Vanguard Real Estate Index Institutional","Employer Matching Account","Contributions - Employer","Purchase","17.940000","0.295000000","5.30",
"9/15/2023 12:00:00 AM","Vanguard Institutional Index I","Employee 401(k) Account","Contributions - Employee","Purchase","372.710000","0.199000000","74.14",
"9/15/2023 12:00:00 AM","Vanguard Institutional Index I","Employer Matching Account","Contributions - Employer","Purchase","372.710000","0.099000000","37.07",
"9/15/2023 12:00:00 AM","Vanguard Small Cap Index I","Employee 401(k) Account","Contributions - Employee","Purchase","93.750000","0.339000000","31.77",
"9/15/2023 12:00:00 AM","Vanguard Small Cap Index I","Employer Matching Account","Contributions - Employer","Purchase","93.750000","0.170000000","15.89",
"9/15/2023 12:00:00 AM","Vanguard Total Intl Stock Index I","Employee 401(k) Account","Contributions - Employee","Purchase","118.910000","0.623000000","74.14",
"9/15/2023 12:00:00 AM","Vanguard Total Intl Stock Index I","Employee 401(k) Account","Dividends/Capital Gains","Cash Receipts","118.910000","0.000000000","8.79",
"9/15/2023 12:00:00 AM","Vanguard Total Intl Stock Index I","Employee 401(k) Account","Dividends/Capital Gains","Purchase","118.910000","0.074000000","8.79",
"9/15/2023 12:00:00 AM","Vanguard Total Intl Stock Index I","Employer Matching Account","Contributions - Employer","Purchase","118.910000","0.312000000","37.06",
"9/15/2023 12:00:00 AM","Vanguard Total Intl Stock Index I","Employer Matching Account","Dividends/Capital Gains","Cash Receipts","118.910000","0.000000000","2.84",
"9/15/2023 12:00:00 AM","Vanguard Total Intl Stock Index I","Employer Matching Account","Dividends/Capital Gains","Purchase","118.910000","0.024000000","2.84",
"9/15/2023 12:00:00 AM","Vanguard Windsor II Admiral","Employee 401(k) Account","Contributions - Employee","Purchase","73.450000","0.288000000","21.18",
"9/15/2023 12:00:00 AM","Vanguard Windsor II Admiral","Employer Matching Account","Contributions - Employer","Purchase","73.450000","0.144000000","10.59",
"9/1/2023 12:00:00 AM","Cash","Employee 401(k) Account","Contributions - Employee","Cash Receipts","1.000000","0.000000000","264.78",
"9/1/2023 12:00:00 AM","Cash","Employer Matching Account","Contributions - Employer","Cash Receipts","1.000000","0.000000000","132.39",
"9/1/2023 12:00:00 AM","Fidelity Inflation-Prot Bd Index","Employee 401(k) Account","Contributions - Employee","Purchase","9.080000","0.584000000","5.30",
"9/1/2023 12:00:00 AM","Fidelity Inflation-Prot Bd Index","Employer Matching Account","Contributions - Employer","Purchase","9.080000","0.292000000","2.65",
"9/1/2023 12:00:00 AM","American Funds Europacific Growth R6","Employee 401(k) Account","Contributions - Employee","Purchase","54.180000","0.880000000","47.66",
"9/1/2023 12:00:00 AM","American Funds Europacific Growth R6","Employer Matching Account","Contributions - Employer","Purchase","54.180000","0.440000000","23.83",
"9/1/2023 12:00:00 AM","Vanguard Real Estate Index Institutional","Employee 401(k) Account","Contributions - Employee","Purchase","18.090000","0.585000000","10.59",
"9/1/2023 12:00:00 AM","Vanguard Real Estate Index Institutional","Employer Matching Account","Contributions - Employer","Purchase","18.090000","0.293000000","5.30",
"9/1/2023 12:00:00 AM","Vanguard Institutional Index I","Employee 401(k) Account","Contributions - Employee","Purchase","377.960000","0.196000000","74.14",
"9/1/2023 12:00:00 AM","Vanguard Institutional Index I","Employer Matching Account","Contributions - Employer","Purchase","377.960000","0.098000000","37.07",
"9/1/2023 12:00:00 AM","Vanguard Small Cap Index I","Employee 401(k) Account","Contributions - Employee","Purchase","97.290000","0.327000000","31.77",
"9/1/2023 12:00:00 AM","Vanguard Small Cap Index I","Employer Matching Account","Contributions - Employer","Purchase","97.290000","0.163000000","15.89",
"9/1/2023 12:00:00 AM","Vanguard Total Intl Stock Index I","Employee 401(k) Account","Contributions - Employee","Purchase","119.850000","0.619000000","74.14",
"9/1/2023 12:00:00 AM","Vanguard Total Intl Stock Index I","Employer Matching Account","Contributions - Employer","Purchase","119.850000","0.309000000","37.06",
"9/1/2023 12:00:00 AM","Vanguard Windsor II Admiral","Employee 401(k) Account","Contributions - Employee","Purchase","74.060000","0.286000000","21.18",
"9/1/2023 12:00:00 AM","Vanguard Windsor II Admiral","Employer Matching Account","Contributions - Employer","Purchase","74.060000","0.143000000","10.59",
"8/31/2023 12:00:00 AM","Fidelity Inflation-Prot Bd Index","Employee 401(k) Account","Interest Earned","Cash Receipts","9.130000","0.000000000","0.02",
"8/31/2023 12:00:00 AM","Fidelity Inflation-Prot Bd Index","Employee 401(k) Account","Interest Earned","Purchase","9.130000","0.002000000","0.02",
"8/31/2023 12:00:00 AM","Fidelity Inflation-Prot Bd Index","Employer Matching Account","Interest Earned","Cash Receipts","9.130000","0.000000000","0.01",
"8/31/2023 12:00:00 AM","Fidelity Inflation-Prot Bd Index","Employer Matching Account","Interest Earned","Purchase","9.130000","0.001000000","0.01",
"8/18/2023 12:00:00 AM","Cash","Employee 401(k) Account","Contributions - Employee","Cash Receipts","1.000000","0.000000000","270.95",
"8/18/2023 12:00:00 AM","Cash","Employer Matching Account","Contributions - Employer","Cash Receipts","1.000000","0.000000000","135.47",
"8/18/2023 12:00:00 AM","Fidelity Inflation-Prot Bd Index","Employee 401(k) Account","Contributions - Employee","Purchase","9.050000","0.599000000","5.42",
"8/18/2023 12:00:00 AM","Fidelity Inflation-Prot Bd Index","Employer Matching Account","Contributions - Employer","Purchase","9.050000","0.299000000","2.71",
"8/18/2023 12:00:00 AM","American Funds Europacific Growth R6","Employee 401(k) Account","Contributions - Employee","Purchase","52.780000","0.924000000","48.77",
"8/18/2023 12:00:00 AM","American Funds Europacific Growth R6","Employer Matching Account","Contributions - Employer","Purchase","52.780000","0.462000000","24.38",
"8/18/2023 12:00:00 AM","Vanguard Real Estate Index Institutional","Employee 401(k) Account","Contributions - Employee","Purchase","17.630000","0.615000000","10.84",
"8/18/2023 12:00:00 AM","Vanguard Real Estate Index Institutional","Employer Matching Account","Contributions - Employer","Purchase","17.630000","0.308000000","5.42",
"8/18/2023 12:00:00 AM","Vanguard Institutional Index I","Employee 401(k) Account","Contributions - Employee","Purchase","365.470000","0.208000000","75.87",
"8/18/2023 12:00:00 AM","Vanguard Institutional Index I","Employer Matching Account","Contributions - Employer","Purchase","365.470000","0.104000000","37.93",
"8/18/2023 12:00:00 AM","Vanguard Small Cap Index I","Employee 401(k) Account","Contributions - Employee","Purchase","93.670000","0.347000000","32.51",
"8/18/2023 12:00:00 AM","Vanguard Small Cap Index I","Employer Matching Account","Contributions - Employer","Purchase","93.670000","0.174000000","16.26",
"8/18/2023 12:00:00 AM","Vanguard Total Intl Stock Index I","Employee 401(k) Account","Contributions - Employee","Purchase","116.830000","0.649000000","75.86",
"8/18/2023 12:00:00 AM","Vanguard Total Intl Stock Index I","Employer Matching Account","Contributions - Employer","Purchase","116.830000","0.325000000","37.93",
"8/18/2023 12:00:00 AM","Vanguard Windsor II Admiral","Employee 401(k) Account","Contributions - Employee","Purchase","72.380000","0.300000000","21.68",
"8/18/2023 12:00:00 AM","Vanguard Windsor II Admiral","Employer Matching Account","Contributions - Employer","Purchase","72.380000","0.150000000","10.84",
"8/4/2023 12:00:00 AM","Cash","Employee 401(k) Account","Contributions - Employee","Cash Receipts","1.000000","0.000000000","258.62",
"8/4/2023 12:00:00 AM","Cash","Employer Matching Account","Contributions - Employer","Cash Receipts","1.000000","0.000000000","129.31",
"8/4/2023 12:00:00 AM","Fidelity Inflation-Prot Bd Index","Employee 401(k) Account","Contributions - Employee","Purchase","9.160000","0.564000000","5.17",
"8/4/2023 12:00:00 AM","Fidelity Inflation-Prot Bd Index","Employer Matching Account","Contributions - Employer","Purchase","9.160000","0.283000000","2.59",
"8/4/2023 12:00:00 AM","American Funds Europacific Growth R6","Employee 401(k) Account","Contributions - Employee","Purchase","54.840000","0.849000000","46.55",
"8/4/2023 12:00:00 AM","American Funds Europacific Growth R6","Employer Matching Account","Contributions - Employer","Purchase","54.840000","0.424000000","23.28",
"8/4/2023 12:00:00 AM","Vanguard Real Estate Index Institutional","Employee 401(k) Account","Contributions - Employee","Purchase","18.210000","0.568000000","10.34",
"8/4/2023 12:00:00 AM","Vanguard Real Estate Index Institutional","Employer Matching Account","Contributions - Employer","Purchase","18.210000","0.284000000","5.17",
"8/4/2023 12:00:00 AM","Vanguard Institutional Index I","Employee 401(k) Account","Contributions - Employee","Purchase","374.150000","0.194000000","72.41",
"8/4/2023 12:00:00 AM","Vanguard Institutional Index I","Employer Matching Account","Contributions - Employer","Purchase","374.150000","0.097000000","36.21",
"8/4/2023 12:00:00 AM","Vanguard Small Cap Index I","Employee 401(k) Account","Contributions - Employee","Purchase","97.800000","0.317000000","31.03",
"8/4/2023 12:00:00 AM","Vanguard Small Cap Index I","Employer Matching Account","Contributions - Employer","Purchase","97.800000","0.159000000","15.52",
"8/4/2023 12:00:00 AM","Vanguard Total Intl Stock Index I","Employee 401(k) Account","Contributions - Employee","Purchase","121.320000","0.597000000","72.41",
"8/4/2023 12:00:00 AM","Vanguard Total Intl Stock Index I","Employer Matching Account","Contributions - Employer","Purchase","121.320000","0.298000000","36.20",
"8/4/2023 12:00:00 AM","Vanguard Windsor II Admiral","Employee 401(k) Account","Contributions - Employee","Purchase","74.380000","0.278000000","20.71",
"8/4/2023 12:00:00 AM","Vanguard Windsor II Admiral","Employer Matching Account","Contributions - Employer","Purchase","74.380000","0.139000000","10.34",
"7/31/2023 12:00:00 AM","Fidelity Inflation-Prot Bd Index","Employee 401(k) Account","Interest Earned","Cash Receipts","9.210000","0.000000000","0.01",
"7/31/2023 12:00:00 AM","Fidelity Inflation-Prot Bd Index","Employee 401(k) Account","Interest Earned","Purchase","9.210000","0.001000000","0.01",
"7/21/2023 12:00:00 AM","Cash","Employee 401(k) Account","Contributions - Employee","Cash Receipts","1.000000","0.000000000","258.62",
"7/21/2023 12:00:00 AM","Cash","Employer Matching Account","Contributions - Employer","Cash Receipts","1.000000","0.000000000","129.31",
"7/21/2023 12:00:00 AM","Fidelity Inflation-Prot Bd Index","Employee 401(k) Account","Contributions - Employee","Purchase","9.240000","0.560000000","5.17",
"7/21/2023 12:00:00 AM","Fidelity Inflation-Prot Bd Index","Employer Matching Account","Contributions - Employer","Purchase","9.240000","0.280000000","2.59",
"7/21/2023 12:00:00 AM","American Funds Europacific Growth R6","Employee 401(k) Account","Contributions - Employee","Purchase","55.730000","0.835000000","46.55",
"7/21/2023 12:00:00 AM","American Funds Europacific Growth R6","Employer Matching Account","Contributions - Employer","Purchase","55.730000","0.418000000","23.28",
"7/21/2023 12:00:00 AM","Vanguard Real Estate Index Institutional","Employee 401(k) Account","Contributions - Employee","Purchase","18.890000","0.547000000","10.34",
"7/21/2023 12:00:00 AM","Vanguard Real Estate Index Institutional","Employer Matching Account","Contributions - Employer","Purchase","18.890000","0.274000000","5.17",
"7/21/2023 12:00:00 AM","Vanguard Institutional Index I","Employee 401(k) Account","Contributions - Employee","Purchase","378.880000","0.191000000","72.41",
"7/21/2023 12:00:00 AM","Vanguard Institutional Index I","Employer Matching Account","Contributions - Employer","Purchase","378.880000","0.096000000","36.21",
"7/21/2023 12:00:00 AM","Vanguard Small Cap Index I","Employee 401(k) Account","Contributions - Employee","Purchase","98.500000","0.315000000","31.03",
"7/21/2023 12:00:00 AM","Vanguard Small Cap Index I","Employer Matching Account","Contributions - Employer","Purchase","98.500000","0.158000000","15.52",
"7/21/2023 12:00:00 AM","Vanguard Total Intl Stock Index I","Employee 401(k) Account","Contributions - Employee","Purchase","123.100000","0.588000000","72.41",
"7/21/2023 12:00:00 AM","Vanguard Total Intl Stock Index I","Employer Matching Account","Contributions - Employer","Purchase","123.100000","0.294000000","36.20",
"7/21/2023 12:00:00 AM","Vanguard Windsor II Admiral","Employee 401(k) Account","Contributions - Employee","Purchase","74.780000","0.277000000","20.71",
"7/21/2023 12:00:00 AM","Vanguard Windsor II Admiral","Employer Matching Account","Contributions - Employer","Purchase","74.780000","0.138000000","10.34",
"7/18/2023 12:00:00 AM","Fidelity Inflation-Prot Bd Index","Employer Matching Account","Recordkeeping Fee","Sale","9.220000","-0.021000000","-0.20",
"7/18/2023 12:00:00 AM","Fidelity Inflation-Prot Bd Index","Employer Matching Account","Recordkeeping Fee","Cash Disbursement","9.220000","0.000000000","-0.20",
"7/18/2023 12:00:00 AM","American Funds Europacific Growth R6","Employer Matching Account","Recordkeeping Fee","Sale","56.180000","-0.034000000","-1.91",
"7/18/2023 12:00:00 AM","American Funds Europacific Growth R6","Employer Matching Account","Recordkeeping Fee","Cash Disbursement","56.180000","0.000000000","-1.91",
"7/18/2023 12:00:00 AM","Vanguard Real Estate Index Institutional","Employer Matching Account","Recordkeeping Fee","Sale","18.660000","-0.023000000","-0.42",
"7/18/2023 12:00:00 AM","Vanguard Real Estate Index Institutional","Employer Matching Account","Recordkeeping Fee","Cash Disbursement","18.660000","0.000000000","-0.42",
"7/18/2023 12:00:00 AM","Vanguard Institutional Index I","Employer Matching Account","Recordkeeping Fee","Sale","380.390000","-0.008000000","-3.08",
"7/18/2023 12:00:00 AM","Vanguard Institutional Index I","Employer Matching Account","Recordkeeping Fee","Cash Disbursement","380.390000","0.000000000","-3.08",
"7/18/2023 12:00:00 AM","Vanguard Small Cap Index I","Employer Matching Account","Recordkeeping Fee","Sale","99.010000","-0.013000000","-1.31",
"7/18/2023 12:00:00 AM","Vanguard Small Cap Index I","Employer Matching Account","Recordkeeping Fee","Cash Disbursement","99.010000","0.000000000","-1.31",
"7/18/2023 12:00:00 AM","Vanguard Total Intl Stock Index I","Employer Matching Account","Recordkeeping Fee","Sale","123.710000","-0.024000000","-2.97",
"7/18/2023 12:00:00 AM","Vanguard Total Intl Stock Index I","Employer Matching Account","Recordkeeping Fee","Cash Disbursement","123.710000","0.000000000","-2.97",
"7/18/2023 12:00:00 AM","Vanguard Windsor II Admiral","Employer Matching Account","Recordkeeping Fee","Sale","74.600000","-0.011000000","-0.86",
"7/18/2023 12:00:00 AM","Vanguard Windsor II Admiral","Employer Matching Account","Recordkeeping Fee","Cash Disbursement","74.600000","0.000000000","-0.86",
"7/7/2023 12:00:00 AM","Cash","Employee 401(k) Account","Contributions - Employee","Cash Receipts","1.000000","0.000000000","258.62",
"7/7/2023 12:00:00 AM","Cash","Employer Matching Account","Contributions - Employer","Cash Receipts","1.000000","0.000000000","129.31",
"7/7/2023 12:00:00 AM","Fidelity Inflation-Prot Bd Index","Employee 401(k) Account","Contributions - Employee","Purchase","9.090000","0.569000000","5.17",
"7/7/2023 12:00:00 AM","Fidelity Inflation-Prot Bd Index","Employer Matching Account","Contributions - Employer","Purchase","9.090000","0.285000000","2.59",
"7/7/2023 12:00:00 AM","American Funds Europacific Growth R6","Employee 401(k) Account","Contributions - Employee","Purchase","53.510000","0.870000000","46.55",
"7/7/2023 12:00:00 AM","American Funds Europacific Growth R6","Employer Matching Account","Contributions - Employer","Purchase","53.510000","0.435000000","23.28",
"7/7/2023 12:00:00 AM","Vanguard Real Estate Index Institutional","Employee 401(k) Account","Contributions - Employee","Purchase","18.360000","0.563000000","10.34",
"7/7/2023 12:00:00 AM","Vanguard Real Estate Index Institutional","Employer Matching Account","Contributions - Employer","Purchase","18.360000","0.282000000","5.17",
"7/7/2023 12:00:00 AM","Vanguard Institutional Index I","Employee 401(k) Account","Contributions - Employee","Purchase","367.300000","0.197000000","72.41",
"7/7/2023 12:00:00 AM","Vanguard Institutional Index I","Employer Matching Account","Contributions - Employer","Purchase","367.300000","0.099000000","36.21",
"7/7/2023 12:00:00 AM","Vanguard Small Cap Index I","Employee 401(k) Account","Contributions - Employee","Purchase","94.410000","0.329000000","31.03",
"7/7/2023 12:00:00 AM","Vanguard Small Cap Index I","Employer Matching Account","Contributions - Employer","Purchase","94.410000","0.164000000","15.52",
"7/7/2023 12:00:00 AM","Vanguard Total Intl Stock Index I","Employee 401(k) Account","Contributions - Employee","Purchase","118.560000","0.611000000","72.41",
"7/7/2023 12:00:00 AM","Vanguard Total Intl Stock Index I","Employer Matching Account","Contributions - Employer","Purchase","118.560000","0.305000000","36.20",
"7/7/2023 12:00:00 AM","Vanguard Windsor II Admiral","Employee 401(k) Account","Contributions - Employee","Purchase","72.030000","0.288000000","20.71",
"7/7/2023 12:00:00 AM","Vanguard Windsor II Admiral","Employer Matching Account","Contributions - Employer","Purchase","72.030000","0.144000000","10.34",
"6/30/2023 12:00:00 AM","Fidelity Inflation-Prot Bd Index","Employee 401(k) Account","Interest Earned","Cash Receipts","9.200000","0.000000000","0.01",
"6/30/2023 12:00:00 AM","Fidelity Inflation-Prot Bd Index","Employee 401(k) Account","Interest Earned","Purchase","9.200000","0.001000000","0.01",
"6/28/2023 12:00:00 AM","Vanguard Real Estate Index Institutional","Employee 401(k) Account","Dividends/Capital Gains","Cash Receipts","18.030000","0.000000000","2.01",
"6/28/2023 12:00:00 AM","Vanguard Real Estate Index Institutional","Employee 401(k) Account","Dividends/Capital Gains","Purchase","18.030000","0.112000000","2.01",
"6/28/2023 12:00:00 AM","Vanguard Real Estate Index Institutional","Employer Matching Account","Dividends/Capital Gains","Cash Receipts","18.030000","0.000000000","0.57",
"6/28/2023 12:00:00 AM","Vanguard Real Estate Index Institutional","Employer Matching Account","Dividends/Capital Gains","Purchase","18.030000","0.031000000","0.57",
"6/28/2023 12:00:00 AM","Vanguard Institutional Index I","Employee 401(k) Account","Dividends/Capital Gains","Cash Receipts","365.250000","0.000000000","5.45",
"6/28/2023 12:00:00 AM","Vanguard Institutional Index I","Employee 401(k) Account","Dividends/Capital Gains","Purchase","365.250000","0.015000000","5.45",
"6/28/2023 12:00:00 AM","Vanguard Institutional Index I","Employer Matching Account","Dividends/Capital Gains","Cash Receipts","365.250000","0.000000000","1.46",
"6/28/2023 12:00:00 AM","Vanguard Institutional Index I","Employer Matching Account","Dividends/Capital Gains","Purchase","365.250000","0.004000000","1.46",
"6/23/2023 12:00:00 AM","Cash","Employee 401(k) Account","Contributions - Employee","Cash Receipts","1.000000","0.000000000","252.31",
"6/23/2023 12:00:00 AM","Cash","Employer Matching Account","Contributions - Employer","Cash Receipts","1.000000","0.000000000","126.15",
"6/23/2023 12:00:00 AM","Fidelity Inflation-Prot Bd Index","Employee 401(k) Account","Contributions - Employee","Purchase","9.230000","0.547000000","5.05",
"6/23/2023 12:00:00 AM","Fidelity Inflation-Prot Bd Index","Employer Matching Account","Contributions - Employer","Purchase","9.230000","0.273000000","2.52",
"6/23/2023 12:00:00 AM","American Funds Europacific Growth R6","Employee 401(k) Account","Contributions - Employee","Purchase","53.790000","0.844000000","45.42",
"6/23/2023 12:00:00 AM","American Funds Europacific Growth R6","Employer Matching Account","Contributions - Employer","Purchase","53.790000","0.422000000","22.71",
"6/23/2023 12:00:00 AM","Vanguard Real Estate Index Institutional","Employee 401(k) Account","Contributions - Employee","Purchase","17.580000","0.574000000","10.09",
"6/23/2023 12:00:00 AM","Vanguard Real Estate Index Institutional","Employer Matching Account","Contributions - Employer","Purchase","17.580000","0.287000000","5.05",
"6/23/2023 12:00:00 AM","Vanguard Institutional Index I","Employee 401(k) Account","Contributions - Employee","Purchase","364.300000","0.194000000","70.65",
"6/23/2023 12:00:00 AM","Vanguard Institutional Index I","Employer Matching Account","Contributions - Employer","Purchase","364.300000","0.097000000","35.32",
"6/23/2023 12:00:00 AM","Vanguard Small Cap Index I","Employee 401(k) Account","Contributions - Employee","Purchase","91.350000","0.331000000","30.28",
"6/23/2023 12:00:00 AM","Vanguard Small Cap Index I","Employer Matching Account","Contributions - Employer","Purchase","91.350000","0.166000000","15.14",
"6/23/2023 12:00:00 AM","Vanguard Total Intl Stock Index I","Employee 401(k) Account","Contributions - Employee","Purchase","118.260000","0.597000000","70.64",
"6/23/2023 12:00:00 AM","Vanguard Total Intl Stock Index I","Employer Matching Account","Contributions - Employer","Purchase","118.260000","0.299000000","35.32",
"6/23/2023 12:00:00 AM","Vanguard Windsor II Admiral","Employee 401(k) Account","Contributions - Employee","Purchase","71.140000","0.284000000","20.18",
"6/23/2023 12:00:00 AM","Vanguard Windsor II Admiral","Employer Matching Account","Contributions - Employer","Purchase","71.140000","0.142000000","10.09",
"6/22/2023 12:00:00 AM","Vanguard Small Cap Index I","Employee 401(k) Account","Dividends/Capital Gains","Cash Receipts","92.570000","0.000000000","2.06",
"6/22/2023 12:00:00 AM","Vanguard Small Cap Index I","Employee 401(k) Account","Dividends/Capital Gains","Purchase","92.570000","0.022000000","2.06",
"6/22/2023 12:00:00 AM","Vanguard Small Cap Index I","Employer Matching Account","Dividends/Capital Gains","Cash Receipts","92.570000","0.000000000","0.54",
"6/22/2023 12:00:00 AM","Vanguard Small Cap Index I","Employer Matching Account","Dividends/Capital Gains","Purchase","92.570000","0.006000000","0.54",
"6/16/2023 12:00:00 AM","Vanguard Total Intl Stock Index I","Employee 401(k) Account","Dividends/Capital Gains","Cash Receipts","122.380000","0.000000000","13.45",
"6/16/2023 12:00:00 AM","Vanguard Total Intl Stock Index I","Employee 401(k) Account","Dividends/Capital Gains","Purchase","122.380000","0.110000000","13.45",
"6/16/2023 12:00:00 AM","Vanguard Total Intl Stock Index I","Employer Matching Account","Dividends/Capital Gains","Cash Receipts","122.380000","0.000000000","3.52",
"6/16/2023 12:00:00 AM","Vanguard Total Intl Stock Index I","Employer Matching Account","Dividends/Capital Gains","Purchase","122.380000","0.029000000","3.52",
"6/16/2023 12:00:00 AM","Vanguard Windsor II Admiral","Employee 401(k) Account","Dividends/Capital Gains","Cash Receipts","72.440000","0.000000000","3.01",
"6/16/2023 12:00:00 AM","Vanguard Windsor II Admiral","Employee 401(k) Account","Dividends/Capital Gains","Purchase","72.440000","0.042000000","3.01",
"6/16/2023 12:00:00 AM","Vanguard Windsor II Admiral","Employer Matching Account","Dividends/Capital Gains","Cash Receipts","72.440000","0.000000000","0.78",
"6/16/2023 12:00:00 AM","Vanguard Windsor II Admiral","Employer Matching Account","Dividends/Capital Gains","Purchase","72.440000","0.011000000","0.78",
"6/12/2023 12:00:00 AM","American Funds Europacific Growth R6","Employee 401(k) Account","Dividends/Capital Gains","Cash Receipts","54.610000","0.000000000","2.99",
"6/12/2023 12:00:00 AM","American Funds Europacific Growth R6","Employee 401(k) Account","Dividends/Capital Gains","Purchase","54.610000","0.055000000","2.99",
"6/12/2023 12:00:00 AM","American Funds Europacific Growth R6","Employer Matching Account","Dividends/Capital Gains","Cash Receipts","54.610000","0.000000000","0.78",
"6/12/2023 12:00:00 AM","American Funds Europacific Growth R6","Employer Matching Account","Dividends/Capital Gains","Purchase","54.610000","0.014000000","0.78",
"6/7/2023 12:00:00 AM","Cash","Employee 401(k) Account","Contributions - Employee","Cash Receipts","1.000000","0.000000000","252.31",
"6/7/2023 12:00:00 AM","Cash","Employer Matching Account","Contributions - Employer","Cash Receipts","1.000000","0.000000000","126.15",
"6/7/2023 12:00:00 AM","Fidelity Inflation-Prot Bd Index","Employee 401(k) Account","Contributions - Employee","Purchase","9.180000","0.550000000","5.05",
"6/7/2023 12:00:00 AM","Fidelity Inflation-Prot Bd Index","Employer Matching Account","Contributions - Employer","Purchase","9.180000","0.274000000","2.52",
"6/7/2023 12:00:00 AM","American Funds Europacific Growth R6","Employee 401(k) Account","Contributions - Employee","Purchase","53.920000","0.842000000","45.42",
"6/7/2023 12:00:00 AM","American Funds Europacific Growth R6","Employer Matching Account","Contributions - Employer","Purchase","53.920000","0.421000000","22.71",
"6/7/2023 12:00:00 AM","Vanguard Real Estate Index Institutional","Employee 401(k) Account","Contributions - Employee","Purchase","18.350000","0.550000000","10.09",
"6/7/2023 12:00:00 AM","Vanguard Real Estate Index Institutional","Employer Matching Account","Contributions - Employer","Purchase","18.350000","0.275000000","5.05",
"6/7/2023 12:00:00 AM","Vanguard Institutional Index I","Employee 401(k) Account","Contributions - Employee","Purchase","357.250000","0.198000000","70.65",
"6/7/2023 12:00:00 AM","Vanguard Institutional Index I","Employer Matching Account","Contributions - Employer","Purchase","357.250000","0.099000000","35.32",
"6/7/2023 12:00:00 AM","Vanguard Small Cap Index I","Employee 401(k) Account","Contributions - Employee","Purchase","93.870000","0.323000000","30.28",
"6/7/2023 12:00:00 AM","Vanguard Small Cap Index I","Employer Matching Account","Contributions - Employer","Purchase","93.870000","0.161000000","15.14",
"6/7/2023 12:00:00 AM","Vanguard Total Intl Stock Index I","Employee 401(k) Account","Contributions - Employee","Purchase","119.680000","0.590000000","70.64",
"6/7/2023 12:00:00 AM","Vanguard Total Intl Stock Index I","Employer Matching Account","Contributions - Employer","Purchase","119.680000","0.295000000","35.32",
"6/7/2023 12:00:00 AM","Vanguard Windsor II Admiral","Employee 401(k) Account","Contributions - Employee","Purchase","71.350000","0.283000000","20.18",
"6/7/2023 12:00:00 AM","Vanguard Windsor II Admiral","Employer Matching Account","Contributions - Employer","Purchase","71.350000","0.141000000","10.09",
"5/31/2023 12:00:00 AM","Fidelity Inflation-Prot Bd Index","Employee 401(k) Account","Interest Earned","Cash Receipts","9.230000","0.000000000","0.01",
"5/31/2023 12:00:00 AM","Fidelity Inflation-Prot Bd Index","Employee 401(k) Account","Interest Earned","Purchase","9.230000","0.001000000","0.01",
"5/26/2023 12:00:00 AM","Cash","Employee 401(k) Account","Contributions - Employee","Cash Receipts","1.000000","0.000000000","252.31",
"5/26/2023 12:00:00 AM","Cash","Employer Matching Account","Contributions - Employer","Cash Receipts","1.000000","0.000000000","126.15",
"5/26/2023 12:00:00 AM","Fidelity Inflation-Prot Bd Index","Employee 401(k) Account","Contributions - Employee","Purchase","9.190000","0.550000000","5.05",
"5/26/2023 12:00:00 AM","Fidelity Inflation-Prot Bd Index","Employer Matching Account","Contributions - Employer","Purchase","9.190000","0.274000000","2.52",
"5/26/2023 12:00:00 AM","American Funds Europacific Growth R6","Employee 401(k) Account","Contributions - Employee","Purchase","53.860000","0.843000000","45.42",
"5/26/2023 12:00:00 AM","American Funds Europacific Growth R6","Employer Matching Account","Contributions - Employer","Purchase","53.860000","0.422000000","22.71",
"5/26/2023 12:00:00 AM","Vanguard Real Estate Index Institutional","Employee 401(k) Account","Contributions - Employee","Purchase","17.390000","0.580000000","10.09",
"5/26/2023 12:00:00 AM","Vanguard Real Estate Index Institutional","Employer Matching Account","Contributions - Employer","Purchase","17.390000","0.290000000","5.05",
"5/26/2023 12:00:00 AM","Vanguard Institutional Index I","Employee 401(k) Account","Contributions - Employee","Purchase","351.850000","0.201000000","70.65",
"5/26/2023 12:00:00 AM","Vanguard Institutional Index I","Employer Matching Account","Contributions - Employer","Purchase","351.850000","0.100000000","35.32",
"5/26/2023 12:00:00 AM","Vanguard Small Cap Index I","Employee 401(k) Account","Contributions - Employee","Purchase","89.010000","0.340000000","30.28",
"5/26/2023 12:00:00 AM","Vanguard Small Cap Index I","Employer Matching Account","Contributions - Employer","Purchase","89.010000","0.170000000","15.14",
"5/26/2023 12:00:00 AM","Vanguard Total Intl Stock Index I","Employee 401(k) Account","Contributions - Employee","Purchase","118.680000","0.595000000","70.64",
"5/26/2023 12:00:00 AM","Vanguard Total Intl Stock Index I","Employer Matching Account","Contributions - Employer","Purchase","118.680000","0.298000000","35.32",
"5/26/2023 12:00:00 AM","Vanguard Windsor II Admiral","Employee 401(k) Account","Contributions - Employee","Purchase","70.130000","0.288000000","20.18",
"5/26/2023 12:00:00 AM","Vanguard Windsor II Admiral","Employer Matching Account","Contributions - Employer","Purchase","70.130000","0.144000000","10.09",
"5/12/2023 12:00:00 AM","Cash","Employee 401(k) Account","Contributions - Employee","Cash Receipts","1.000000","0.000000000","252.31",
"5/12/2023 12:00:00 AM","Cash","Employer Matching Account","Contributions - Employer","Cash Receipts","1.000000","0.000000000","126.15",
"5/12/2023 12:00:00 AM","Fidelity Inflation-Prot Bd Index","Employee 401(k) Account","Contributions - Employee","Purchase","9.330000","0.541000000","5.05",
"5/12/2023 12:00:00 AM","Fidelity Inflation-Prot Bd Index","Employer Matching Account","Contributions - Employer","Purchase","9.330000","0.270000000","2.52",
"5/12/2023 12:00:00 AM","American Funds Europacific Growth R6","Employee 401(k) Account","Contributions - Employee","Purchase","54.180000","0.838000000","45.42",
"5/12/2023 12:00:00 AM","American Funds Europacific Growth R6","Employer Matching Account","Contributions - Employer","Purchase","54.180000","0.419000000","22.71",
"5/12/2023 12:00:00 AM","Vanguard Real Estate Index Institutional","Employee 401(k) Account","Contributions - Employee","Purchase","17.990000","0.561000000","10.09",
"5/12/2023 12:00:00 AM","Vanguard Real Estate Index Institutional","Employer Matching Account","Contributions - Employer","Purchase","17.990000","0.281000000","5.05",
"5/12/2023 12:00:00 AM","Vanguard Institutional Index I","Employee 401(k) Account","Contributions - Employee","Purchase","344.760000","0.205000000","70.65",
"5/12/2023 12:00:00 AM","Vanguard Institutional Index I","Employer Matching Account","Contributions - Employer","Purchase","344.760000","0.102000000","35.32",
"5/12/2023 12:00:00 AM","Vanguard Small Cap Index I","Employee 401(k) Account","Contributions - Employee","Purchase","88.030000","0.344000000","30.28",
"5/12/2023 12:00:00 AM","Vanguard Small Cap Index I","Employer Matching Account","Contributions - Employer","Purchase","88.030000","0.172000000","15.14",
"5/12/2023 12:00:00 AM","Vanguard Total Intl Stock Index I","Employee 401(k) Account","Contributions - Employee","Purchase","119.750000","0.590000000","70.64",
"5/12/2023 12:00:00 AM","Vanguard Total Intl Stock Index I","Employer Matching Account","Contributions - Employer","Purchase","119.750000","0.295000000","35.32",
"5/12/2023 12:00:00 AM","Vanguard Windsor II Admiral","Employee 401(k) Account","Contributions - Employee","Purchase","69.010000","0.292000000","20.18",
"5/12/2023 12:00:00 AM","Vanguard Windsor II Admiral","Employer Matching Account","Contributions - Employer","Purchase","69.010000","0.146000000","10.09",
"4/28/2023 12:00:00 AM","Cash","Employee 401(k) Account","Contributions - Employee","Cash Receipts","1.000000","0.000000000","252.31",
"4/28/2023 12:00:00 AM","Cash","Employer Matching Account","Contributions - Employer","Cash Receipts","1.000000","0.000000000","126.15",
"4/28/2023 12:00:00 AM","Fidelity Inflation-Prot Bd Index","Employee 401(k) Account","Contributions - Employee","Purchase","9.340000","0.541000000","5.05",
"4/28/2023 12:00:00 AM","Fidelity Inflation-Prot Bd Index","Employer Matching Account","Contributions - Employer","Purchase","9.340000","0.270000000","2.52",
"4/28/2023 12:00:00 AM","American Funds Europacific Growth R6","Employee 401(k) Account","Contributions - Employee","Purchase","54.440000","0.834000000","45.42",
"4/28/2023 12:00:00 AM","American Funds Europacific Growth R6","Employer Matching Account","Contributions - Employer","Purchase","54.440000","0.417000000","22.71",
"4/28/2023 12:00:00 AM","Vanguard Real Estate Index Institutional","Employee 401(k) Account","Contributions - Employee","Purchase","18.280000","0.552000000","10.09",
"4/28/2023 12:00:00 AM","Vanguard Real Estate Index Institutional","Employer Matching Account","Contributions - Employer","Purchase","18.280000","0.276000000","5.05",
"4/28/2023 12:00:00 AM","Vanguard Institutional Index I","Employee 401(k) Account","Contributions - Employee","Purchase","348.300000","0.203000000","70.65",
"4/28/2023 12:00:00 AM","Vanguard Institutional Index I","Employer Matching Account","Contributions - Employer","Purchase","348.300000","0.101000000","35.32",
"4/28/2023 12:00:00 AM","Vanguard Small Cap Index I","Employee 401(k) Account","Contributions - Employee","Purchase","89.780000","0.337000000","30.28",
"4/28/2023 12:00:00 AM","Vanguard Small Cap Index I","Employer Matching Account","Contributions - Employer","Purchase","89.780000","0.169000000","15.14",
"4/28/2023 12:00:00 AM","Vanguard Total Intl Stock Index I","Employee 401(k) Account","Contributions - Employee","Purchase","120.630000","0.586000000","70.64",
"4/28/2023 12:00:00 AM","Vanguard Total Intl Stock Index I","Employer Matching Account","Contributions - Employer","Purchase","120.630000","0.293000000","35.32",
"4/28/2023 12:00:00 AM","Vanguard Windsor II Admiral","Employee 401(k) Account","Contributions - Employee","Purchase","70.310000","0.287000000","20.18",
"4/28/2023 12:00:00 AM","Vanguard Windsor II Admiral","Employer Matching Account","Contributions - Employer","Purchase","70.310000","0.143000000","10.09",
"4/19/2023 12:00:00 AM","Fidelity Inflation-Prot Bd Index","Employer Matching Account","Recordkeeping Fee","Sale","9.280000","-0.022000000","-0.21",
"4/19/2023 12:00:00 AM","Fidelity Inflation-Prot Bd Index","Employer Matching Account","Recordkeeping Fee","Cash Disbursement","9.280000","0.000000000","-0.21",
"4/19/2023 12:00:00 AM","American Funds Europacific Growth R6","Employer Matching Account","Recordkeeping Fee","Sale","54.570000","-0.036000000","-1.97",
"4/19/2023 12:00:00 AM","American Funds Europacific Growth R6","Employer Matching Account","Recordkeeping Fee","Cash Disbursement","54.570000","0.000000000","-1.97",
"4/19/2023 12:00:00 AM","Vanguard Real Estate Index Institutional","Employer Matching Account","Recordkeeping Fee","Sale","18.250000","-0.023000000","-0.42",
"4/19/2023 12:00:00 AM","Vanguard Real Estate Index Institutional","Employer Matching Account","Recordkeeping Fee","Cash Disbursement","18.250000","0.000000000","-0.42",
"4/19/2023 12:00:00 AM","Vanguard Institutional Index I","Employer Matching Account","Recordkeeping Fee","Sale","346.950000","-0.009000000","-3.01",
"4/19/2023 12:00:00 AM","Vanguard Institutional Index I","Employer Matching Account","Recordkeeping Fee","Cash Disbursement","346.950000","0.000000000","-3.01",
"4/19/2023 12:00:00 AM","Vanguard Small Cap Index I","Employer Matching Account","Recordkeeping Fee","Sale","90.870000","-0.014000000","-1.25",
"4/19/2023 12:00:00 AM","Vanguard Small Cap Index I","Employer Matching Account","Recordkeeping Fee","Cash Disbursement","90.870000","0.000000000","-1.25",
"4/19/2023 12:00:00 AM","Vanguard Total Intl Stock Index I","Employer Matching Account","Recordkeeping Fee","Sale","120.670000","-0.025000000","-3.03",
"4/19/2023 12:00:00 AM","Vanguard Total Intl Stock Index I","Employer Matching Account","Recordkeeping Fee","Cash Disbursement","120.670000","0.000000000","-3.03",
"4/19/2023 12:00:00 AM","Vanguard Windsor II Admiral","Employer Matching Account","Recordkeeping Fee","Sale","70.180000","-0.013000000","-0.86",
"4/19/2023 12:00:00 AM","Vanguard Windsor II Admiral","Employer Matching Account","Recordkeeping Fee","Cash Disbursement","70.180000","0.000000000","-0.86",
"4/14/2023 12:00:00 AM","Cash","Employee 401(k) Account","Contributions - Employee","Cash Receipts","1.000000","0.000000000","252.31",
"4/14/2023 12:00:00 AM","Cash","Employer Matching Account","Contributions - Employer","Cash Receipts","1.000000","0.000000000","126.15",
"4/14/2023 12:00:00 AM","Fidelity Inflation-Prot Bd Index","Employee 401(k) Account","Contributions - Employee","Purchase","9.320000","0.542000000","5.05",
"4/14/2023 12:00:00 AM","Fidelity Inflation-Prot Bd Index","Employer Matching Account","Contributions - Employer","Purchase","9.320000","0.270000000","2.52",
"4/14/2023 12:00:00 AM","American Funds Europacific Growth R6","Employee 401(k) Account","Contributions - Employee","Purchase","54.760000","0.829000000","45.42",
"4/14/2023 12:00:00 AM","American Funds Europacific Growth R6","Employer Matching Account","Contributions - Employer","Purchase","54.760000","0.415000000","22.71",
"4/14/2023 12:00:00 AM","Vanguard Real Estate Index Institutional","Employee 401(k) Account","Contributions - Employee","Purchase","17.810000","0.567000000","10.09",
"4/14/2023 12:00:00 AM","Vanguard Real Estate Index Institutional","Employer Matching Account","Contributions - Employer","Purchase","17.810000","0.284000000","5.05",
"4/14/2023 12:00:00 AM","Vanguard Institutional Index I","Employee 401(k) Account","Contributions - Employee","Purchase","345.540000","0.204000000","70.65",
"4/14/2023 12:00:00 AM","Vanguard Institutional Index I","Employer Matching Account","Contributions - Employer","Purchase","345.540000","0.102000000","35.32",
"4/14/2023 12:00:00 AM","Vanguard Small Cap Index I","Employee 401(k) Account","Contributions - Employee","Purchase","90.000000","0.336000000","30.28",
"4/14/2023 12:00:00 AM","Vanguard Small Cap Index I","Employer Matching Account","Contributions - Employer","Purchase","90.000000","0.168000000","15.14",
"4/14/2023 12:00:00 AM","Vanguard Total Intl Stock Index I","Employee 401(k) Account","Contributions - Employee","Purchase","120.930000","0.584000000","70.64",
"4/14/2023 12:00:00 AM","Vanguard Total Intl Stock Index I","Employer Matching Account","Contributions - Employer","Purchase","120.930000","0.292000000","35.32",
"4/14/2023 12:00:00 AM","Vanguard Windsor II Admiral","Employee 401(k) Account","Contributions - Employee","Purchase","70.050000","0.288000000","20.18",
"4/14/2023 12:00:00 AM","Vanguard Windsor II Admiral","Employer Matching Account","Contributions - Employer","Purchase","70.050000","0.144000000","10.09",
"3/31/2023 12:00:00 AM","Cash","Employee 401(k) Account","Contributions - Employee","Cash Receipts","1.000000","0.000000000","252.31",
"3/31/2023 12:00:00 AM","Cash","Employer Matching Account","Contributions - Employer","Cash Receipts","1.000000","0.000000000","126.15",
"3/31/2023 12:00:00 AM","Fidelity Inflation-Prot Bd Index","Employee 401(k) Account","Contributions - Employee","Purchase","9.330000","0.541000000","5.05",
"3/31/2023 12:00:00 AM","Fidelity Inflation-Prot Bd Index","Employer Matching Account","Contributions - Employer","Purchase","9.330000","0.270000000","2.52",
"3/31/2023 12:00:00 AM","American Funds Europacific Growth R6","Employee 401(k) Account","Contributions - Employee","Purchase","53.870000","0.843000000","45.42",
"3/31/2023 12:00:00 AM","American Funds Europacific Growth R6","Employer Matching Account","Contributions - Employer","Purchase","53.870000","0.422000000","22.71",
"3/31/2023 12:00:00 AM","Vanguard Real Estate Index Institutional","Employee 401(k) Account","Contributions - Employee","Purchase","18.230000","0.553000000","10.09",
"3/31/2023 12:00:00 AM","Vanguard Real Estate Index Institutional","Employer Matching Account","Contributions - Employer","Purchase","18.230000","0.277000000","5.05",
"3/31/2023 12:00:00 AM","Vanguard Institutional Index I","Employee 401(k) Account","Contributions - Employee","Purchase","342.960000","0.206000000","70.65",
"3/31/2023 12:00:00 AM","Vanguard Institutional Index I","Employer Matching Account","Contributions - Employer","Purchase","342.960000","0.103000000","35.32",
"3/31/2023 12:00:00 AM","Vanguard Small Cap Index I","Employee 401(k) Account","Contributions - Employee","Purchase","90.840000","0.333000000","30.28",
"3/31/2023 12:00:00 AM","Vanguard Small Cap Index I","Employer Matching Account","Contributions - Employer","Purchase","90.840000","0.167000000","15.14",
"3/31/2023 12:00:00 AM","Vanguard Total Intl Stock Index I","Employee 401(k) Account","Contributions - Employee","Purchase","118.560000","0.596000000","70.64",
"3/31/2023 12:00:00 AM","Vanguard Total Intl Stock Index I","Employer Matching Account","Contributions - Employer","Purchase","118.560000","0.298000000","35.32",
"3/31/2023 12:00:00 AM","Vanguard Windsor II Admiral","Employee 401(k) Account","Contributions - Employee","Purchase","69.230000","0.292000000","20.18",
"3/31/2023 12:00:00 AM","Vanguard Windsor II Admiral","Employer Matching Account","Contributions - Employer","Purchase","69.230000","0.146000000","10.09",
"3/23/2023 12:00:00 AM","Vanguard Real Estate Index Institutional","Employee 401(k) Account","Dividends/Capital Gains","Cash Receipts","16.850000","0.000000000","0.99",
"3/23/2023 12:00:00 AM","Vanguard Real Estate Index Institutional","Employee 401(k) Account","Dividends/Capital Gains","Purchase","16.850000","0.059000000","0.99",
"3/23/2023 12:00:00 AM","Vanguard Real Estate Index Institutional","Employer Matching Account","Dividends/Capital Gains","Cash Receipts","16.850000","0.000000000","0.14",
"3/23/2023 12:00:00 AM","Vanguard Real Estate Index Institutional","Employer Matching Account","Dividends/Capital Gains","Purchase","16.850000","0.008000000","0.14",
"3/23/2023 12:00:00 AM","Vanguard Institutional Index I","Employee 401(k) Account","Dividends/Capital Gains","Cash Receipts","329.490000","0.000000000","3.24",
"3/23/2023 12:00:00 AM","Vanguard Institutional Index I","Employee 401(k) Account","Dividends/Capital Gains","Purchase","329.490000","0.010000000","3.24",
"3/23/2023 12:00:00 AM","Vanguard Institutional Index I","Employee 401(k) Account","Dividends/Capital Gains","Cash Receipts","329.490000","0.000000000","2.96",
"3/23/2023 12:00:00 AM","Vanguard Institutional Index I","Employee 401(k) Account","Dividends/Capital Gains","Purchase","329.490000","0.009000000","2.96",
"3/23/2023 12:00:00 AM","Vanguard Institutional Index I","Employer Matching Account","Dividends/Capital Gains","Cash Receipts","329.490000","0.000000000","0.43",
"3/23/2023 12:00:00 AM","Vanguard Institutional Index I","Employer Matching Account","Dividends/Capital Gains","Purchase","329.490000","0.001000000","0.43",
"3/23/2023 12:00:00 AM","Vanguard Institutional Index I","Employer Matching Account","Dividends/Capital Gains","Cash Receipts","329.490000","0.000000000","0.40",
"3/23/2023 12:00:00 AM","Vanguard Institutional Index I","Employer Matching Account","Dividends/Capital Gains","Purchase","329.490000","0.001000000","0.40",
"3/22/2023 12:00:00 AM","Vanguard Small Cap Index I","Employee 401(k) Account","Dividends/Capital Gains","Cash Receipts","86.460000","0.000000000","1.29",
"3/22/2023 12:00:00 AM","Vanguard Small Cap Index I","Employee 401(k) Account","Dividends/Capital Gains","Purchase","86.460000","0.015000000","1.29",
"3/22/2023 12:00:00 AM","Vanguard Small Cap Index I","Employer Matching Account","Dividends/Capital Gains","Cash Receipts","86.460000","0.000000000","0.18",
"3/22/2023 12:00:00 AM","Vanguard Small Cap Index I","Employer Matching Account","Dividends/Capital Gains","Purchase","86.460000","0.002000000","0.18",
"3/17/2023 12:00:00 AM","Cash","Employee 401(k) Account","Contributions - Employee","Cash Receipts","1.000000","0.000000000","252.31",
"3/17/2023 12:00:00 AM","Cash","Employer Matching Account","Contributions - Employer","Cash Receipts","1.000000","0.000000000","126.15",
"3/17/2023 12:00:00 AM","Fidelity Inflation-Prot Bd Index","Employee 401(k) Account","Contributions - Employee","Purchase","9.210000","0.548000000","5.05",
"3/17/2023 12:00:00 AM","Fidelity Inflation-Prot Bd Index","Employer Matching Account","Contributions - Employer","Purchase","9.210000","0.274000000","2.52",
"3/17/2023 12:00:00 AM","American Funds Europacific Growth R6","Employee 401(k) Account","Contributions - Employee","Purchase","50.570000","0.898000000","45.42",
"3/17/2023 12:00:00 AM","American Funds Europacific Growth R6","Employer Matching Account","Contributions - Employer","Purchase","50.570000","0.449000000","22.71",
"3/17/2023 12:00:00 AM","Vanguard Real Estate Index Institutional","Employee 401(k) Account","Contributions - Employee","Purchase","17.670000","0.571000000","10.09",
"3/17/2023 12:00:00 AM","Vanguard Real Estate Index Institutional","Employer Matching Account","Contributions - Employer","Purchase","17.670000","0.286000000","5.05",
"3/17/2023 12:00:00 AM","Vanguard Institutional Index I","Employee 401(k) Account","Contributions - Employee","Purchase","329.360000","0.215000000","70.65",
"3/17/2023 12:00:00 AM","Vanguard Institutional Index I","Employer Matching Account","Contributions - Employer","Purchase","329.360000","0.107000000","35.32",
"3/17/2023 12:00:00 AM","Vanguard Small Cap Index I","Employee 401(k) Account","Contributions - Employee","Purchase","86.330000","0.351000000","30.28",
"3/17/2023 12:00:00 AM","Vanguard Small Cap Index I","Employer Matching Account","Contributions - Employer","Purchase","86.330000","0.175000000","15.14",
"3/17/2023 12:00:00 AM","Vanguard Total Intl Stock Index I","Employee 401(k) Account","Contributions - Employee","Purchase","112.350000","0.629000000","70.64",
"3/17/2023 12:00:00 AM","Vanguard Total Intl Stock Index I","Employee 401(k) Account","Dividends/Capital Gains","Cash Receipts","112.350000","0.000000000","1.53",
"3/17/2023 12:00:00 AM","Vanguard Total Intl Stock Index I","Employee 401(k) Account","Dividends/Capital Gains","Purchase","112.350000","0.014000000","1.53",
"3/17/2023 12:00:00 AM","Vanguard Total Intl Stock Index I","Employer Matching Account","Contributions - Employer","Purchase","112.350000","0.314000000","35.32",
"3/17/2023 12:00:00 AM","Vanguard Total Intl Stock Index I","Employer Matching Account","Dividends/Capital Gains","Cash Receipts","112.350000","0.000000000","0.15",
"3/17/2023 12:00:00 AM","Vanguard Total Intl Stock Index I","Employer Matching Account","Dividends/Capital Gains","Purchase","112.350000","0.001000000","0.15",
"3/17/2023 12:00:00 AM","Vanguard Windsor II Admiral","Employee 401(k) Account","Contributions - Employee","Purchase","66.170000","0.305000000","20.18",
"3/17/2023 12:00:00 AM","Vanguard Windsor II Admiral","Employer Matching Account","Contributions - Employer","Purchase","66.170000","0.152000000","10.09",
"3/3/2023 12:00:00 AM","Cash","Employee 401(k) Account","Contributions - Employee","Cash Receipts","1.000000","0.000000000","252.31",
"3/3/2023 12:00:00 AM","Cash","Employer Matching Account","Contributions - Employer","Cash Receipts","1.000000","0.000000000","126.15",
"3/3/2023 12:00:00 AM","Fidelity Inflation-Prot Bd Index","Employee 401(k) Account","Contributions - Employee","Purchase","9.140000","0.553000000","5.05",
"3/3/2023 12:00:00 AM","Fidelity Inflation-Prot Bd Index","Employer Matching Account","Contributions - Employer","Purchase","9.140000","0.276000000","2.52",
"3/3/2023 12:00:00 AM","American Funds Europacific Growth R6","Employee 401(k) Account","Contributions - Employee","Purchase","52.820000","0.860000000","45.42",
"3/3/2023 12:00:00 AM","American Funds Europacific Growth R6","Employer Matching Account","Contributions - Employer","Purchase","52.820000","0.430000000","22.71",
"3/3/2023 12:00:00 AM","Vanguard Real Estate Index Institutional","Employee 401(k) Account","Contributions - Employee","Purchase","19.070000","0.529000000","10.09",
"3/3/2023 12:00:00 AM","Vanguard Real Estate Index Institutional","Employer Matching Account","Contributions - Employer","Purchase","19.070000","0.265000000","5.05",
"3/3/2023 12:00:00 AM","Vanguard Institutional Index I","Employee 401(k) Account","Contributions - Employee","Purchase","339.920000","0.208000000","70.65",
"3/3/2023 12:00:00 AM","Vanguard Institutional Index I","Employer Matching Account","Contributions - Employer","Purchase","339.920000","0.104000000","35.32",
"3/3/2023 12:00:00 AM","Vanguard Small Cap Index I","Employee 401(k) Account","Contributions - Employee","Purchase","96.610000","0.313000000","30.28",
"3/3/2023 12:00:00 AM","Vanguard Small Cap Index I","Employer Matching Account","Contributions - Employer","Purchase","96.610000","0.157000000","15.14",
"3/3/2023 12:00:00 AM","Vanguard Total Intl Stock Index I","Employee 401(k) Account","Contributions - Employee","Purchase","118.510000","0.596000000","70.64",
"3/3/2023 12:00:00 AM","Vanguard Total Intl Stock Index I","Employer Matching Account","Contributions - Employer","Purchase","118.510000","0.298000000","35.32",
"3/3/2023 12:00:00 AM","Vanguard Windsor II Admiral","Employee 401(k) Account","Contributions - Employee","Purchase","69.660000","0.290000000","20.18",
"3/3/2023 12:00:00 AM","Vanguard Windsor II Admiral","Employer Matching Account","Contributions - Employer","Purchase","69.660000","0.145000000","10.09",
"2/17/2023 12:00:00 AM","Cash","Employee 401(k) Account","Contributions - Employee","Cash Receipts","1.000000","0.000000000","252.31",
"2/17/2023 12:00:00 AM","Cash","Employer Matching Account","Contributions - Employer","Cash Receipts","1.000000","0.000000000","126.15",
"2/17/2023 12:00:00 AM","Fidelity Inflation-Prot Bd Index","Employee 401(k) Account","Contributions - Employee","Purchase","9.110000","0.554000000","5.05",
"2/17/2023 12:00:00 AM","Fidelity Inflation-Prot Bd Index","Employer Matching Account","Contributions - Employer","Purchase","9.110000","0.277000000","2.52",
"2/17/2023 12:00:00 AM","American Funds Europacific Growth R6","Employee 401(k) Account","Contributions - Employee","Purchase","52.760000","0.861000000","45.42",
"2/17/2023 12:00:00 AM","American Funds Europacific Growth R6","Employer Matching Account","Contributions - Employer","Purchase","52.760000","0.430000000","22.71",
"2/17/2023 12:00:00 AM","Vanguard Real Estate Index Institutional","Employee 401(k) Account","Contributions - Employee","Purchase","19.560000","0.516000000","10.09",
"2/17/2023 12:00:00 AM","Vanguard Real Estate Index Institutional","Employer Matching Account","Contributions - Employer","Purchase","19.560000","0.258000000","5.05",
"2/17/2023 12:00:00 AM","Vanguard Institutional Index I","Employee 401(k) Account","Contributions - Employee","Purchase","342.500000","0.206000000","70.65",
"2/17/2023 12:00:00 AM","Vanguard Institutional Index I","Employer Matching Account","Contributions - Employer","Purchase","342.500000","0.103000000","35.32",
"2/17/2023 12:00:00 AM","Vanguard Small Cap Index I","Employee 401(k) Account","Contributions - Employee","Purchase","97.160000","0.312000000","30.28",
"2/17/2023 12:00:00 AM","Vanguard Small Cap Index I","Employer Matching Account","Contributions - Employer","Purchase","97.160000","0.156000000","15.14",
"2/17/2023 12:00:00 AM","Vanguard Total Intl Stock Index I","Employee 401(k) Account","Contributions - Employee","Purchase","118.770000","0.595000000","70.64",
"2/17/2023 12:00:00 AM","Vanguard Total Intl Stock Index I","Employer Matching Account","Contributions - Employer","Purchase","118.770000","0.297000000","35.32",
"2/17/2023 12:00:00 AM","Vanguard Windsor II Admiral","Employee 401(k) Account","Contributions - Employee","Purchase","70.210000","0.287000000","20.18",
"2/17/2023 12:00:00 AM","Vanguard Windsor II Admiral","Employer Matching Account","Contributions - Employer","Purchase","70.210000","0.144000000","10.09",
"2/3/2023 12:00:00 AM","Cash","Employee 401(k) Account","Contributions - Employee","Cash Receipts","1.000000","0.000000000","252.31",
"2/3/2023 12:00:00 AM","Fidelity Inflation-Prot Bd Index","Employee 401(k) Account","Contributions - Employee","Purchase","9.180000","0.550000000","5.05",
"2/3/2023 12:00:00 AM","American Funds Europacific Growth R6","Employee 401(k) Account","Contributions - Employee","Purchase","53.830000","0.844000000","45.42",
"2/3/2023 12:00:00 AM","Vanguard Real Estate Index Institutional","Employee 401(k) Account","Contributions - Employee","Purchase","20.160000","0.500000000","10.09",
"2/3/2023 12:00:00 AM","Vanguard Institutional Index I","Employee 401(k) Account","Contributions - Employee","Purchase","346.880000","0.204000000","70.65",
"2/3/2023 12:00:00 AM","Vanguard Small Cap Index I","Employee 401(k) Account","Contributions - Employee","Purchase","99.090000","0.306000000","30.28",
"2/3/2023 12:00:00 AM","Vanguard Total Intl Stock Index I","Employee 401(k) Account","Contributions - Employee","Purchase","120.480000","0.586000000","70.64",
"2/3/2023 12:00:00 AM","Vanguard Windsor II Admiral","Employee 401(k) Account","Contributions - Employee","Purchase","71.170000","0.284000000","20.18",
"1/31/2023 12:00:00 AM","PIMCO Total Return Instl","Employee 401(k) Account","Interest Earned","Cash Receipts","8.730000","0.000000000","0.01",
"1/31/2023 12:00:00 AM","PIMCO Total Return Instl","Employee 401(k) Account","Interest Earned","Purchase","8.730000","0.002000000","0.01",
"1/31/2023 12:00:00 AM","Vanguard Total Bond Market Index I","Employee 401(k) Account","Interest Earned","Cash Receipts","9.760000","0.000000000","0.03",
"1/31/2023 12:00:00 AM","Vanguard Total Bond Market Index I","Employee 401(k) Account","Interest Earned","Purchase","9.760000","0.003000000","0.03",
"1/20/2023 12:00:00 AM","Cash","Employee 401(k) Account","Contributions - Employee","Cash Receipts","1.000000","0.000000000","252.31",
"1/20/2023 12:00:00 AM","Fidelity Inflation-Prot Bd Index","Employee 401(k) Account","Recordkeeping Fee","Sale","9.200000","-0.024000000","-0.22",
"1/20/2023 12:00:00 AM","Fidelity Inflation-Prot Bd Index","Employee 401(k) Account","Recordkeeping Fee","Cash Disbursement","9.200000","0.000000000","-0.22",
"1/20/2023 12:00:00 AM","Fidelity Inflation-Prot Bd Index","Employee 401(k) Account","Contributions - Employee","Purchase","9.200000","0.549000000","5.05",
"1/20/2023 12:00:00 AM","American Funds Europacific Growth R6","Employee 401(k) Account","Recordkeeping Fee","Sale","53.160000","-0.037000000","-1.94",
"1/20/2023 12:00:00 AM","American Funds Europacific Growth R6","Employee 401(k) Account","Recordkeeping Fee","Cash Disbursement","53.160000","0.000000000","-1.94",
"1/20/2023 12:00:00 AM","American Funds Europacific Growth R6","Employee 401(k) Account","Contributions - Employee","Purchase","53.160000","0.854000000","45.42",
"1/20/2023 12:00:00 AM","Vanguard Real Estate Index Institutional","Employee 401(k) Account","Recordkeeping Fee","Sale","19.240000","-0.022000000","-0.43",
"1/20/2023 12:00:00 AM","Vanguard Real Estate Index Institutional","Employee 401(k) Account","Recordkeeping Fee","Cash Disbursement","19.240000","0.000000000","-0.43",
"1/20/2023 12:00:00 AM","Vanguard Real Estate Index Institutional","Employee 401(k) Account","Contributions - Employee","Purchase","19.240000","0.524000000","10.09",
"1/20/2023 12:00:00 AM","Vanguard Institutional Index I","Employee 401(k) Account","Recordkeeping Fee","Sale","333.030000","-0.009000000","-3.00",
"1/20/2023 12:00:00 AM","Vanguard Institutional Index I","Employee 401(k) Account","Recordkeeping Fee","Cash Disbursement","333.030000","0.000000000","-3.00",
"1/20/2023 12:00:00 AM","Vanguard Institutional Index I","Employee 401(k) Account","Contributions - Employee","Purchase","333.030000","0.212000000","70.65",
"1/20/2023 12:00:00 AM","Vanguard Small Cap Index I","Employee 401(k) Account","Recordkeeping Fee","Sale","93.290000","-0.014000000","-1.28",
"1/20/2023 12:00:00 AM","Vanguard Small Cap Index I","Employee 401(k) Account","Recordkeeping Fee","Cash Disbursement","93.290000","0.000000000","-1.28",
"1/20/2023 12:00:00 AM","Vanguard Small Cap Index I","Employee 401(k) Account","Contributions - Employee","Purchase","93.290000","0.325000000","30.28",
"1/20/2023 12:00:00 AM","Vanguard Total Intl Stock Index I","Employee 401(k) Account","Recordkeeping Fee","Sale","120.240000","-0.025000000","-3.02",
"1/20/2023 12:00:00 AM","Vanguard Total Intl Stock Index I","Employee 401(k) Account","Recordkeeping Fee","Cash Disbursement","120.240000","0.000000000","-3.02",
"1/20/2023 12:00:00 AM","Vanguard Total Intl Stock Index I","Employee 401(k) Account","Contributions - Employee","Purchase","120.240000","0.587000000","70.64",
"1/20/2023 12:00:00 AM","Vanguard Windsor II Admiral","Employee 401(k) Account","Recordkeeping Fee","Sale","68.760000","-0.012000000","-0.86",
"1/20/2023 12:00:00 AM","Vanguard Windsor II Admiral","Employee 401(k) Account","Recordkeeping Fee","Cash Disbursement","68.760000","0.000000000","-0.86",
"1/20/2023 12:00:00 AM","Vanguard Windsor II Admiral","Employee 401(k) Account","Contributions - Employee","Purchase","68.760000","0.293000000","20.18",
